time,open,high,low,close,tick_volume,spread,real_volume
2024-11-11 00:00:00,2413.14,2430.99,2412.69,2421.34,3929,92,0
2024-11-11 04:00:00,2421.34,2424.69,2419.94,2421.94,2312,92,0
2024-11-11 08:00:00,2421.94,2435.5,2421.39,2435.3,5000,40,0
2024-11-11 12:00:00,2435.3,2440.05,2428.95,2430.1,5854,40,0
2024-11-11 16:00:00,2430.1,2447.24,2421.34,2443.24,31228,22,0
2024-11-11 20:00:00,2443.24,2443.74,2427.44,2438.99,19819,22,0
2024-11-12 00:00:00,2439.78,2439.78,2433.93,2434.98,5190,92,0
2024-11-12 04:00:00,2434.98,2436.38,2431.28,2432.73,6620,92,0
2024-11-12 08:00:00,2432.73,2437.04,2427.54,2428.94,9307,40,0
2024-11-12 12:00:00,2428.94,2429.19,2417.79,2425.59,11466,40,0
2024-11-12 16:00:00,2425.64,2441.48,2388.53,2389.63,35012,22,0
2024-11-12 20:00:00,2389.63,2405.68,2388.23,2397.13,21708,22,0
2024-11-13 00:00:00,2398.35,2398.71,2391.11,2392.91,5909,92,0
2024-11-13 04:00:00,2392.91,2394.81,2386.81,2387.31,6322,92,0
2024-11-13 08:00:00,2387.31,2398.92,2383.21,2396.97,8974,40,0
2024-11-13 12:00:00,2397.07,2427.17,2387.72,2414.32,11863,40,0
2024-11-13 16:00:00,2414.32,2421.71,2398.76,2406.86,42136,22,0
2024-11-13 20:00:00,2406.86,2407.16,2371.16,2376.31,24218,22,0
2024-11-14 00:00:00,2377.63,2379.08,2372.53,2373.03,2950,92,0
2024-11-14 04:00:00,2372.93,2374.43,2367.73,2369.83,3393,92,0
2024-11-14 08:00:00,2369.68,2390.79,2367.53,2390.14,6092,40,0
2024-11-14 12:00:00,2390.14,2393.29,2372.09,2372.79,8670,40,0
2024-11-14 16:00:00,2372.79,2386.79,2340.48,2346.68,36623,22,0
2024-11-14 20:00:00,2346.68,2354.48,2333.98,2342.53,25991,22,0
2024-11-15 00:00:00,2341.03,2341.68,2329.33,2332.38,6305,92,0
2024-11-15 04:00:00,2332.38,2337.33,2330.83,2331.48,7190,92,0
2024-11-15 08:00:00,2331.48,2331.48,2321.74,2327.49,11253,40,0
2024-11-15 12:00:00,2327.64,2347.59,2327.04,2340.64,11861,40,0
2024-11-15 16:00:00,2340.64,2344.29,2304.18,2306.58,42792,22,0
2024-11-15 20:00:00,2306.58,2309.28,2298.43,2306.93,24469,22,0
2024-11-18 00:00:00,2307.47,2314.92,2303.72,2312.42,3197,92,0
2024-11-18 04:00:00,2312.42,2314.87,2310.47,2313.37,2754,92,0
2024-11-18 08:00:00,2313.22,2316.53,2305.98,2312.28,6750,40,0
2024-11-18 12:00:00,2312.23,2320.38,2307.23,2313.48,6993,40,0
2024-11-18 16:00:00,2313.43,2326.82,2302.12,2319.22,28347,22,0
2024-11-18 20:00:00,2319.22,2319.22,2303.62,2312.37,17419,22,0
2024-11-19 00:00:00,2311.88,2314.63,2305.93,2312.18,4982,92,0
2024-11-19 04:00:00,2312.18,2317.03,2310.13,2313.73,6224,92,0
2024-11-19 08:00:00,2313.73,2314.99,2282.14,2284.89,14879,40,0
2024-11-19 12:00:00,2284.89,2300.79,2277.89,2279.64,17255,40,0
2024-11-19 16:00:00,2279.74,2319.18,2275.54,2313.88,37636,22,0
2024-11-19 20:00:00,2313.88,2329.18,2311.48,2325.48,19348,22,0
2024-11-20 00:00:00,2325.72,2335.62,2325.72,2329.37,4752,92,0
2024-11-20 04:00:00,2329.37,2333.12,2328.07,2330.97,5969,92,0
2024-11-20 08:00:00,2330.97,2336.63,2326.78,2328.23,10202,40,0
2024-11-20 12:00:00,2328.23,2330.18,2321.98,2324.58,10715,40,0
2024-11-20 16:00:00,2324.58,2326.43,2299.97,2314.92,37658,22,0
2024-11-20 20:00:00,2314.87,2332.07,2308.47,2329.47,25451,22,0
2024-11-21 00:00:00,2329.85,2332.15,2319.45,2320.15,5294,92,0
2024-11-21 04:00:00,2320.15,2326.05,2320.1,2323.7,4301,92,0
2024-11-21 08:00:00,2323.75,2330.51,2315.21,2321.61,10470,40,0
2024-11-21 12:00:00,2321.56,2349.26,2318.71,2344.26,11206,40,0
2024-11-21 16:00:00,2344.26,2373.5,2331.15,2369.65,41038,22,0
2024-11-21 20:00:00,2369.65,2376.1,2362.7,2363.4,20270,22,0
2024-11-22 00:00:00,2362.86,2369.61,2362.21,2367.81,4008,92,0
2024-11-22 04:00:00,2367.76,2372.51,2363.56,2365.51,4957,92,0
2024-11-22 08:00:00,2365.51,2373.47,2361.77,2372.37,9141,40,0
2024-11-22 12:00:00,2372.47,2378.32,2363.12,2373.62,9602,40,0
2024-11-22 16:00:00,2373.62,2407.11,2372.12,2404.91,33308,22,0
2024-11-22 20:00:00,2404.91,2412.51,2399.11,2411.76,17475,22,0
2024-11-25 00:00:00,2426.48,2442.23,2422.48,2432.28,2981,92,0
2024-11-25 04:00:00,2432.28,2434.13,2429.33,2433.48,2209,92,0
2024-11-25 08:00:00,2433.43,2440.79,2429.79,2438.84,5017,40,0
2024-11-25 12:00:00,2438.84,2444.59,2424.74,2441.99,6332,40,0
2024-11-25 16:00:00,2441.99,2471.33,2434.59,2450.88,37818,22,0
2024-11-25 20:00:00,2450.88,2463.13,2443.13,2446.78,20248,22,0
2024-11-26 00:00:00,2446.88,2451.29,2413.39,2430.04,9128,92,0
2024-11-26 04:00:00,2430.04,2437.94,2429.74,2433.74,4696,92,0
2024-11-26 08:00:00,2433.74,2440.49,2426.3,2431.05,8879,40,0
2024-11-26 12:00:00,2431.05,2446.95,2427.9,2436.85,9322,40,0
2024-11-26 16:00:00,2436.85,2438.65,2414.84,2434.04,31512,22,0
2024-11-26 20:00:00,2434.04,2434.54,2422.99,2431.59,17286,22,0
2024-11-27 00:00:00,2433.46,2434.41,2430.26,2433.31,2709,92,0
2024-11-27 04:00:00,2433.41,2437.21,2428.66,2429.31,3056,92,0
2024-11-27 08:00:00,2429.46,2437.67,2426.87,2437.52,7231,40,0
2024-11-27 12:00:00,2437.52,2455.77,2433.77,2445.77,7789,40,0
2024-11-27 16:00:00,2445.82,2457.81,2424.71,2429.41,33639,22,0
2024-11-27 20:00:00,2429.36,2433.41,2426.46,2431.51,13692,22,0
2024-11-28 00:00:00,2433.34,2438.09,2433.34,2435.89,3658,92,0
2024-11-28 04:00:00,2435.99,2438.54,2435.44,2436.64,2767,92,0
2024-11-28 08:00:00,2436.69,2445.35,2432.0,2442.35,5132,40,0
2024-11-28 12:00:00,2442.4,2445.35,2438.8,2443.85,4153,40,0
2024-11-28 16:00:00,2443.85,2452.14,2441.2,2450.44,5542,22,0
2024-11-28 20:00:00,2450.44,2450.44,2450.44,2450.44,1,22,0
2024-11-29 00:00:00,2449.68,2450.63,2441.93,2447.48,3620,92,0
2024-11-29 04:00:00,2447.48,2453.28,2447.43,2450.88,2497,92,0
2024-11-29 08:00:00,2450.88,2455.19,2446.94,2451.64,5404,40,0
2024-11-29 12:00:00,2451.59,2455.64,2442.29,2444.94,5861,40,0
2024-11-29 16:00:00,2444.99,2454.48,2435.08,2440.08,23996,22,0
2024-11-29 20:00:00,2439.98,2443.23,2438.83,2441.73,879,22,0
2024-12-02 00:00:00,2442.65,2444.41,2436.71,2439.46,3514,92,0
2024-12-02 04:00:00,2439.46,2439.76,2437.11,2437.76,2302,92,0
2024-12-02 08:00:00,2437.71,2442.72,2434.02,2439.62,3879,40,0
2024-12-02 12:00:00,2439.62,2450.02,2437.62,2444.32,5780,40,0
2024-12-02 16:00:00,2444.27,2447.27,2420.16,2436.31,30017,22,0
2024-12-02 20:00:00,2436.36,2447.51,2434.36,2440.56,16024,22,0
2024-12-03 00:00:00,2439.81,2441.81,2436.36,2436.46,3329,92,0
2024-12-03 04:00:00,2436.46,2440.56,2435.76,2440.11,3730,92,0
2024-12-03 08:00:00,2440.06,2441.37,2434.37,2440.77,7597,40,0
2024-12-03 12:00:00,2440.77,2441.92,2434.57,2435.12,6526,40,0
2024-12-03 16:00:00,2435.12,2441.82,2413.76,2425.36,30579,22,0
2024-12-03 20:00:00,2425.41,2427.01,2415.66,2418.66,14527,22,0
2024-12-04 00:00:00,2400.02,2419.32,2398.07,2413.87,2798,92,0
2024-12-04 04:00:00,2413.97,2418.32,2413.02,2418.07,2078,92,0
2024-12-04 08:00:00,2418.22,2423.38,2415.68,2421.78,4038,40,0
2024-12-04 12:00:00,2421.98,2429.08,2419.38,2426.78,5377,40,0
2024-12-04 16:00:00,2426.78,2436.57,2417.98,2425.17,25483,22,0
2024-12-04 20:00:00,2425.17,2432.97,2411.77,2428.92,14734,22,0
2024-12-05 00:00:00,2426.61,2428.31,2423.41,2426.11,2794,92,0
2024-12-05 04:00:00,2426.11,2428.41,2423.26,2428.31,2401,92,0
2024-12-05 08:00:00,2428.31,2430.77,2425.36,2428.37,5397,40,0
2024-12-05 12:00:00,2428.37,2431.27,2423.17,2424.37,5534,40,0
2024-12-05 16:00:00,2424.37,2427.96,2405.71,2411.91,29536,22,0
2024-12-05 20:00:00,2411.91,2412.26,2396.51,2399.26,19150,22,0
2024-12-06 00:00:00,2398.35,2399.2,2393.9,2395.45,3330,92,0
2024-12-06 04:00:00,2395.5,2398.35,2392.9,2394.5,3679,92,0
2024-12-06 08:00:00,2394.5,2400.86,2393.56,2400.36,4353,40,0
2024-12-06 12:00:00,2400.36,2421.96,2396.94,2417.46,8561,40,0
2024-12-06 16:00:00,2417.46,2420.16,2401.95,2403.95,26585,22,0
2024-12-06 20:00:00,2403.95,2411.7,2402.35,2409.0,14386,22,0
2024-12-09 00:00:00,2409.73,2414.89,2408.94,2411.04,2767,92,0
2024-12-09 04:00:00,2411.04,2412.39,2407.79,2410.39,2017,92,0
2024-12-09 08:00:00,2410.39,2418.5,2410.04,2415.85,4780,40,0
2024-12-09 12:00:00,2415.85,2422.0,2412.2,2420.8,4827,40,0
2024-12-09 16:00:00,2420.8,2432.94,2398.29,2407.14,29138,22,0
2024-12-09 20:00:00,2407.14,2410.69,2394.44,2397.39,15799,22,0
2024-12-10 00:00:00,2397.13,2398.38,2393.78,2395.18,2150,92,0
2024-12-10 04:00:00,2395.18,2397.38,2394.28,2395.68,1705,92,0
2024-12-10 08:00:00,2395.63,2397.94,2391.24,2395.64,3164,40,0
2024-12-10 12:00:00,2395.59,2403.19,2389.59,2393.09,4916,40,0
2024-12-10 16:00:00,2393.09,2407.08,2377.78,2399.98,27937,22,0
2024-12-10 20:00:00,2399.98,2405.28,2383.18,2390.88,19198,22,0
2024-12-11 00:00:00,2391.36,2392.46,2387.96,2389.91,1800,92,0
2024-12-11 04:00:00,2389.91,2390.51,2385.66,2387.96,1644,92,0
2024-12-11 08:00:00,2387.96,2389.31,2384.12,2385.57,3861,40,0
2024-12-11 12:00:00,2385.57,2409.92,2384.52,2407.57,6249,40,0
2024-12-11 16:00:00,2407.57,2407.82,2386.96,2403.61,25969,22,0
2024-12-11 20:00:00,2403.61,2411.96,2395.56,2396.91,15662,22,0
2024-12-12 00:00:00,2396.9,2398.5,2393.8,2394.7,2967,92,0
2024-12-12 04:00:00,2394.7,2397.15,2393.85,2396.85,2408,92,0
2024-12-12 08:00:00,2396.85,2397.45,2392.71,2394.51,4352,40,0
2024-12-12 12:00:00,2394.41,2395.51,2381.01,2384.96,8125,40,0
2024-12-12 16:00:00,2385.01,2395.0,2373.25,2377.0,29595,22,0
2024-12-12 20:00:00,2377.0,2380.3,2361.15,2363.1,19096,22,0
2024-12-13 00:00:00,2361.07,2363.22,2357.02,2359.37,2881,92,0
2024-12-13 04:00:00,2359.32,2360.02,2356.12,2359.42,2506,92,0
2024-12-13 08:00:00,2359.42,2369.98,2359.32,2369.08,4343,40,0
2024-12-13 12:00:00,2369.08,2371.03,2361.43,2363.13,5560,40,0
2024-12-13 16:00:00,2363.13,2365.47,2335.62,2340.27,32142,22,0
2024-12-13 20:00:00,2340.27,2349.37,2338.42,2344.62,15907,22,0
2024-12-16 00:00:00,2347.56,2357.66,2347.11,2357.16,3345,92,0
2024-12-16 04:00:00,2357.16,2358.11,2352.06,2353.91,2391,92,0
2024-12-16 08:00:00,2353.91,2354.81,2349.82,2352.47,5125,40,0
2024-12-16 12:00:00,2352.47,2355.52,2345.67,2352.22,6520,40,0
2024-12-16 16:00:00,2352.22,2369.56,2340.42,2369.11,31899,22,0
2024-12-16 20:00:00,2369.11,2373.51,2359.01,2361.36,16016,22,0
2024-12-17 00:00:00,2361.36,2363.66,2358.01,2363.41,3172,92,0
2024-12-17 04:00:00,2363.46,2364.91,2359.91,2360.46,2569,92,0
2024-12-17 08:00:00,2360.46,2360.81,2352.27,2360.17,6628,40,0
2024-12-17 12:00:00,2360.17,2360.77,2343.47,2352.27,9288,40,0
2024-12-17 16:00:00,2352.27,2358.06,2330.16,2345.21,36257,22,0
2024-12-17 20:00:00,2345.21,2346.31,2330.21,2333.06,21868,22,0
2024-12-18 00:00:00,2333.16,2337.5,2330.05,2337.25,3075,92,0
2024-12-18 04:00:00,2337.25,2339.55,2335.1,2339.3,2281,92,0
2024-12-18 08:00:00,2339.3,2344.26,2335.76,2340.36,4613,40,0
2024-12-18 12:00:00,2340.36,2357.16,2340.36,2353.96,6308,40,0
2024-12-18 16:00:00,2353.96,2354.25,2337.5,2343.45,28219,22,0
2024-12-18 20:00:00,2343.45,2353.45,2206.95,2225.0,48484,22,0
2024-12-19 00:00:00,2225.41,2233.51,2218.81,2232.21,6712,92,0
2024-12-19 04:00:00,2232.21,2234.76,2222.26,2222.81,5495,92,0
2024-12-19 08:00:00,2222.81,2243.42,2222.76,2240.97,11565,40,0
2024-12-19 12:00:00,2240.87,2250.22,2234.67,2245.32,14406,40,0
2024-12-19 16:00:00,2245.32,2264.31,2213.51,2218.01,50063,22,0
2024-12-19 20:00:00,2218.01,2233.01,2211.01,2217.61,33233,22,0
2024-12-20 00:00:00,2219.65,2219.7,2200.85,2201.15,6464,92,0
2024-12-20 04:00:00,2201.15,2205.8,2193.1,2205.8,5722,92,0
2024-12-20 08:00:00,2205.8,2208.8,2191.46,2197.26,11740,40,0
2024-12-20 12:00:00,2197.26,2210.11,2183.71,2204.46,16709,40,0
2024-12-20 16:00:00,2204.46,2264.6,2197.41,2253.6,47033,22,0
2024-12-20 20:00:00,2253.6,2257.55,2231.3,2238.75,30437,22,0
2024-12-23 00:00:00,2250.69,2256.04,2248.09,2254.74,6075,92,0
2024-12-23 04:00:00,2254.74,2255.54,2250.24,2255.09,5106,92,0
2024-12-23 08:00:00,2255.09,2255.59,2241.25,2243.65,9906,40,0
2024-12-23 12:00:00,2243.6,2244.95,2228.2,2232.75,12177,40,0
2024-12-23 16:00:00,2232.75,2242.9,2211.84,2229.19,39502,22,0
2024-12-23 20:00:00,2229.19,2234.94,2223.09,2231.09,24819,22,0
2024-12-24 00:00:00,2233.74,2234.34,2228.44,2230.99,2821,92,0
2024-12-24 04:00:00,2230.99,2232.59,2229.19,2229.99,1747,92,0
2024-12-24 08:00:00,2230.04,2234.85,2228.05,2234.25,3301,40,0
2024-12-24 12:00:00,2234.25,2238.55,2228.0,2235.95,3868,40,0
2024-12-24 16:00:00,2235.95,2254.14,2222.24,2252.54,23283,22,0
2024-12-24 20:00:00,2252.54,2254.49,2251.64,2252.39,1180,22,0
2024-12-26 00:00:00,2252.6,2256.95,2251.75,2253.55,2103,92,0
2024-12-26 04:00:00,2253.55,2254.7,2251.05,2252.3,1742,92,0
2024-12-26 08:00:00,2252.3,2255.35,2244.56,2245.51,4952,40,0
2024-12-26 12:00:00,2245.51,2246.16,2238.61,2240.71,6670,40,0
2024-12-26 16:00:00,2240.71,2270.7,2231.9,2261.95,26868,22,0
2024-12-26 20:00:00,2261.85,2279.1,2261.55,2273.25,20133,22,0
2024-12-27 00:00:00,2273.43,2275.68,2268.23,2268.23,3648,92,0
2024-12-27 04:00:00,2268.18,2269.98,2266.68,2267.38,3671,92,0
2024-12-27 08:00:00,2267.28,2267.89,2260.49,2263.84,6763,40,0
2024-12-27 12:00:00,2263.84,2266.69,2261.24,2261.69,6261,40,0
2024-12-27 16:00:00,2261.69,2270.98,2216.18,2222.18,42028,22,0
2024-12-27 20:00:00,2222.08,2241.33,2221.98,2239.43,24823,22,0
2024-12-30 00:00:00,2241.56,2242.86,2233.36,2235.81,5989,92,0
2024-12-30 04:00:00,2235.61,2235.61,2230.36,2232.46,4957,92,0
2024-12-30 08:00:00,2232.36,2237.77,2227.67,2236.72,9166,40,0
2024-12-30 12:00:00,2236.67,2241.07,2214.27,2215.72,11603,40,0
2024-12-30 16:00:00,2215.87,2229.41,2193.16,2228.06,38574,22,0
2024-12-30 20:00:00,2228.21,2234.06,2219.71,2222.21,25049,22,0
2024-12-31 00:00:00,2221.11,2226.52,2216.97,2225.77,4254,92,0
2024-12-31 04:00:00,2225.77,2228.67,2221.57,2224.27,5189,92,0
2024-12-31 08:00:00,2224.27,2231.88,2221.07,2230.58,7438,40,0
2024-12-31 12:00:00,2230.48,2238.08,2229.28,2235.23,8134,40,0
2024-12-31 16:00:00,2235.23,2247.97,2215.92,2230.72,37392,22,0
2024-12-31 20:00:00,2230.22,2232.82,2218.62,2225.12,26034,22,0
2025-01-02 00:00:00,2231.9,2234.56,2214.66,2228.21,9423,92,0
2025-01-02 04:00:00,2228.11,2237.46,2226.66,2236.51,6276,92,0
2025-01-02 08:00:00,2236.56,2240.82,2231.57,2236.52,12014,40,0
2025-01-02 12:00:00,2236.52,2253.17,2232.52,2246.32,13355,40,0
2025-01-02 16:00:00,2246.32,2258.71,2219.01,2225.71,48401,22,0
2025-01-02 20:00:00,2225.71,2227.91,2209.31,2224.86,32095,22,0
2025-01-03 00:00:00,2225.12,2229.77,2222.42,2227.07,4626,92,0
2025-01-03 04:00:00,2227.02,2231.37,2226.92,2227.82,4752,92,0
2025-01-03 08:00:00,2227.72,2233.58,2226.67,2230.48,9396,40,0
2025-01-03 12:00:00,2230.43,2233.03,2224.23,2228.33,7012,40,0
2025-01-03 16:00:00,2228.33,2251.52,2227.62,2246.57,35448,22,0
2025-01-03 20:00:00,2246.57,2262.27,2244.52,2257.97,18329,22,0
2025-01-06 00:00:00,2263.55,2264.15,2255.05,2256.9,6135,92,0
2025-01-06 04:00:00,2256.9,2259.25,2254.2,2258.0,4876,92,0
2025-01-06 08:00:00,2258.0,2266.31,2257.1,2263.51,8161,40,0
2025-01-06 12:00:00,2263.51,2290.56,2259.16,2286.56,9981,40,0
2025-01-06 16:00:00,2286.56,2287.66,2265.46,2280.15,35656,22,0
2025-01-06 20:00:00,2280.2,2280.4,2255.75,2262.4,25717,22,0
2025-01-07 00:00:00,2262.54,2264.09,2255.84,2258.04,3293,92,0
2025-01-07 04:00:00,2257.99,2259.49,2253.24,2258.04,4557,92,0
2025-01-07 08:00:00,2258.04,2263.6,2254.79,2260.85,7170,40,0
2025-01-07 12:00:00,2260.9,2270.0,2260.35,2270.0,7494,40,0
2025-01-07 16:00:00,2269.95,2279.94,2228.59,2240.19,46001,22,0
2025-01-07 20:00:00,2240.19,2249.29,2227.84,2240.94,24760,22,0
2025-01-08 00:00:00,2240.45,2246.5,2237.55,2246.25,3817,92,0
2025-01-08 04:00:00,2246.25,2247.3,2243.15,2246.85,4405,92,0
2025-01-08 08:00:00,2246.85,2247.36,2240.81,2243.46,7121,40,0
2025-01-08 12:00:00,2243.46,2244.26,2213.36,2228.06,17132,40,0
2025-01-08 16:00:00,2228.11,2230.61,2203.75,2218.35,42777,22,0
2025-01-08 20:00:00,2218.25,2237.3,2217.9,2231.95,29722,22,0
2025-01-09 00:00:00,2230.44,2232.09,2224.49,2226.84,4003,92,0
2025-01-09 04:00:00,2226.84,2232.59,2226.79,2231.99,3964,92,0
2025-01-09 08:00:00,2231.99,2232.34,2221.65,2229.95,7831,40,0
2025-01-09 12:00:00,2230.0,2234.2,2223.15,2228.8,7846,40,0
2025-01-09 16:00:00,2228.75,2228.75,2219.05,2224.15,1817,40,0
2025-01-10 00:00:00,2221.71,2223.56,2213.21,2220.56,6784,92,0
2025-01-10 04:00:00,2220.61,2224.61,2220.11,2223.01,5720,92,0
2025-01-10 08:00:00,2223.01,2227.02,2215.42,2218.37,9895,40,0
2025-01-10 12:00:00,2218.37,2231.07,2180.92,2189.07,16138,40,0
2025-01-10 16:00:00,2189.07,2199.76,2164.81,2178.91,50108,22,0
2025-01-10 20:00:00,2178.91,2185.91,2174.41,2175.41,29156,22,0
2025-01-13 00:00:00,2177.23,2178.88,2159.78,2162.28,7394,92,0
2025-01-13 04:00:00,2162.28,2164.08,2153.83,2156.73,6564,92,0
2025-01-13 08:00:00,2156.63,2165.34,2151.94,2153.09,12929,40,0
2025-01-13 12:00:00,2153.09,2161.19,2152.14,2157.74,12590,40,0
2025-01-13 16:00:00,2157.74,2170.88,2152.13,2168.73,42935,22,0
2025-01-13 20:00:00,2168.78,2189.98,2166.88,2188.58,26706,22,0
2025-01-14 00:00:00,2192.99,2201.89,2191.74,2193.79,4988,92,0
2025-01-14 04:00:00,2193.79,2197.09,2190.19,2196.89,4410,92,0
2025-01-14 08:00:00,2196.89,2205.65,2193.75,2201.75,8933,40,0
2025-01-14 12:00:00,2201.75,2222.35,2190.8,2203.3,14980,40,0
2025-01-14 16:00:00,2203.4,2215.74,2185.34,2196.29,42934,17,0
2025-01-14 20:00:00,2196.29,2217.99,2195.54,2216.54,27277,22,0
2025-01-15 00:00:00,2215.88,2218.63,2215.03,2217.93,2661,92,0
2025-01-15 04:00:00,2217.93,2218.63,2215.83,2216.98,2308,92,0
2025-01-15 08:00:00,2217.03,2223.69,2216.24,2222.39,4669,40,0
2025-01-15 12:00:00,2222.39,2283.39,2217.54,2276.04,11429,40,0
2025-01-15 16:00:00,2275.99,2276.49,2244.43,2249.28,39504,22,0
2025-01-15 20:00:00,2249.28,2263.98,2246.68,2256.88,20352,22,0
2025-01-16 00:00:00,2257.49,2265.19,2256.69,2259.84,4497,92,0
2025-01-16 04:00:00,2259.84,2261.69,2254.69,2256.24,5084,92,0
2025-01-16 08:00:00,2256.29,2261.6,2248.45,2250.75,13464,40,0
2025-01-16 12:00:00,2250.75,2259.25,2247.95,2254.45,13425,40,0
2025-01-16 16:00:00,2254.5,2264.74,2242.04,2256.59,39906,22,0
2025-01-16 20:00:00,2256.59,2266.84,2251.09,2255.74,24072,22,0
2025-01-17 00:00:00,2255.88,2261.03,2254.38,2260.23,3798,92,0
2025-01-17 04:00:00,2260.28,2262.43,2256.73,2261.08,5234,92,0
2025-01-17 08:00:00,2261.03,2268.64,2259.13,2265.79,7558,40,0
2025-01-17 12:00:00,2265.84,2285.19,2265.19,2283.39,9625,40,0
2025-01-17 16:00:00,2283.39,2287.94,2266.68,2273.48,33178,22,0
2025-01-17 20:00:00,2273.48,2274.68,2260.63,2267.98,20140,22,0
2025-01-20 00:00:00,2270.91,2271.41,2263.56,2267.71,6520,92,0
2025-01-20 04:00:00,2267.56,2270.66,2266.16,2269.66,5071,92,0
2025-01-20 08:00:00,2269.66,2276.77,2268.46,2268.97,8286,40,0
2025-01-20 12:00:00,2268.92,2285.27,2262.97,2283.57,13507,40,0
2025-01-20 16:00:00,2283.57,2312.21,2280.32,2296.96,24164,22,0
2025-01-21 00:00:00,2305.54,2309.39,2240.64,2279.19,10344,92,0
2025-01-21 04:00:00,2279.19,2290.79,2279.19,2282.14,6522,92,0
2025-01-21 08:00:00,2282.19,2292.95,2279.49,2287.85,8614,40,0
2025-01-21 12:00:00,2287.85,2293.6,2277.8,2286.55,9526,40,0
2025-01-21 16:00:00,2286.55,2310.89,2285.24,2309.84,36411,22,0
2025-01-21 20:00:00,2309.84,2315.29,2306.54,2310.79,19771,22,0
2025-01-22 00:00:00,2307.58,2312.53,2304.88,2311.58,5589,92,0
2025-01-22 04:00:00,2311.43,2312.58,2309.88,2311.03,3915,92,0
2025-01-22 08:00:00,2311.03,2319.49,2307.53,2315.39,8219,40,0
2025-01-22 12:00:00,2315.34,2316.24,2309.94,2310.84,7953,40,0
2025-01-22 16:00:00,2310.84,2314.83,2293.98,2295.93,30496,22,0
2025-01-22 20:00:00,2295.98,2302.83,2294.43,2299.38,17331,22,0
2025-01-23 00:00:00,2299.19,2300.94,2296.34,2296.89,3543,92,0
2025-01-23 04:00:00,2296.84,2297.74,2295.04,2295.54,4596,92,0
2025-01-23 08:00:00,2295.54,2297.45,2290.2,2293.0,7785,40,0
2025-01-23 12:00:00,2292.9,2295.0,2283.3,2285.6,8320,40,0
2025-01-23 16:00:00,2285.7,2306.84,2281.14,2302.79,30729,22,0
2025-01-23 20:00:00,2302.79,2309.74,2301.49,2306.24,17645,22,0
2025-01-24 00:00:00,2307.25,2308.35,2304.8,2307.5,3681,92,0
2025-01-24 04:00:00,2307.4,2312.9,2306.9,2308.95,7507,92,0
2025-01-24 08:00:00,2308.95,2312.61,2306.11,2309.41,9085,40,0
2025-01-24 12:00:00,2309.41,2310.01,2300.41,2303.41,7354,40,0
2025-01-24 16:00:00,2303.41,2318.05,2295.7,2307.25,29642,22,0
2025-01-24 20:00:00,2307.2,2311.6,2297.05,2303.25,21688,22,0
2025-01-27 00:00:00,2293.26,2297.61,2278.36,2281.16,6870,92,0
2025-01-27 04:00:00,2281.16,2291.26,2280.31,2283.06,6802,92,0
2025-01-27 08:00:00,2283.06,2286.27,2265.97,2283.67,16650,40,0
2025-01-27 12:00:00,2283.67,2288.17,2270.92,2283.87,24374,40,0
2025-01-27 16:00:00,2283.87,2312.51,2274.56,2274.76,43595,22,0
2025-01-27 20:00:00,2274.76,2284.96,2268.06,2280.91,31240,22,0
2025-01-28 00:00:00,2282.79,2284.84,2269.24,2269.79,6380,92,0
2025-01-28 04:00:00,2269.79,2275.89,2267.29,2270.24,6264,92,0
2025-01-28 08:00:00,2270.24,2283.65,2266.69,2281.45,9692,40,0
2025-01-28 12:00:00,2281.45,2284.6,2276.65,2279.45,10334,40,0
2025-01-28 16:00:00,2279.35,2289.59,2268.14,2273.64,35108,22,0
2025-01-28 20:00:00,2273.64,2292.19,2273.64,2283.19,18928,22,0
2025-01-29 00:00:00,2283.72,2287.17,2281.77,2286.37,2804,92,0
2025-01-29 04:00:00,2286.47,2289.82,2284.92,2287.47,2766,92,0
2025-01-29 08:00:00,2288.02,2293.47,2284.48,2287.68,8630,40,0
2025-01-29 12:00:00,2287.68,2291.38,2278.93,2280.48,6654,40,0
2025-01-29 16:00:00,2280.48,2298.72,2279.73,2282.52,31717,22,0
2025-01-29 20:00:00,2282.57,2293.67,2261.87,2279.07,40627,22,0
2025-01-30 00:00:00,2283.61,2294.91,2281.71,2293.36,4292,92,0
2025-01-30 04:00:00,2293.41,2297.11,2293.41,2295.36,2729,92,0
2025-01-30 08:00:00,2295.36,2302.82,2293.36,2300.07,5408,40,0
2025-01-30 12:00:00,2300.07,2304.57,2293.35,2302.27,10364,40,0
2025-01-30 16:00:00,2302.27,2314.51,2295.01,2306.01,36374,22,0
2025-01-30 20:00:00,2306.01,2317.51,2285.76,2301.16,24546,22,0
2025-01-31 00:00:00,2298.48,2302.04,2294.19,2300.54,4305,92,0
2025-01-31 04:00:00,2300.54,2301.39,2298.64,2299.69,3416,92,0
2025-01-31 08:00:00,2299.69,2304.85,2298.2,2299.2,5189,40,0
2025-01-31 12:00:00,2299.2,2312.05,2298.75,2306.9,6432,40,0
2025-01-31 16:00:00,2306.9,2319.54,2297.74,2317.19,32504,22,0
2025-01-31 20:00:00,2317.19,2318.24,2270.69,2278.64,42735,22,0
2025-02-03 00:00:00,2203.39,2218.39,2190.94,2208.89,9109,92,0
2025-02-03 04:00:00,2208.89,2217.04,2203.64,2216.74,7508,92,0
2025-02-03 08:00:00,2216.74,2234.4,2213.3,2230.15,13341,40,0
2025-02-03 12:00:00,2230.1,2239.15,2225.85,2231.85,13708,40,0
2025-02-03 16:00:00,2231.85,2271.64,2222.64,2253.89,55996,22,0
2025-02-03 20:00:00,2253.79,2277.39,2247.34,2268.79,34139,22,0
2025-02-04 00:00:00,2275.73,2276.48,2259.73,2264.63,4798,92,0
2025-02-04 04:00:00,2264.68,2265.73,2239.38,2248.83,8684,92,0
2025-02-04 08:00:00,2248.83,2253.84,2241.49,2248.99,11619,40,0
2025-02-04 12:00:00,2248.99,2259.34,2247.89,2253.09,10564,40,0
2025-02-04 16:00:00,2253.09,2279.43,2248.29,2278.93,35963,22,0
2025-02-04 20:00:00,2278.93,2289.73,2274.08,2288.38,21940,22,0
2025-02-05 00:00:00,2288.09,2293.64,2286.74,2288.34,4912,92,0
2025-02-05 04:00:00,2288.29,2290.19,2284.29,2284.64,4729,92,0
2025-02-05 08:00:00,2284.64,2291.05,2282.29,2283.9,9376,40,0
2025-02-05 12:00:00,2283.95,2292.9,2283.25,2289.5,8098,40,0
2025-02-05 16:00:00,2289.45,2310.29,2285.64,2306.99,32650,22,0
2025-02-05 20:00:00,2307.04,2314.94,2304.29,2314.34,17499,22,0
2025-02-06 00:00:00,2314.31,2319.21,2312.71,2315.86,4139,92,0
2025-02-06 04:00:00,2315.86,2319.51,2315.26,2319.16,3890,92,0
2025-02-06 08:00:00,2319.21,2319.47,2314.27,2317.37,5537,40,0
2025-02-06 12:00:00,2317.57,2320.27,2314.17,2318.42,7335,40,0
2025-02-06 16:00:00,2318.42,2323.97,2306.51,2312.76,29283,22,0
2025-02-06 20:00:00,2312.76,2313.91,2289.46,2300.86,22379,22,0
2025-02-07 00:00:00,2301.06,2308.01,2300.81,2306.91,4285,92,0
2025-02-07 04:00:00,2306.91,2307.61,2302.91,2303.06,3520,92,0
2025-02-07 08:00:00,2303.06,2307.87,2300.96,2307.37,5774,40,0
2025-02-07 12:00:00,2307.37,2314.67,2292.97,2299.37,8947,40,0
2025-02-07 16:00:00,2299.37,2308.66,2271.61,2275.26,48803,22,0
2025-02-07 20:00:00,2275.26,2283.66,2271.76,2277.01,22337,22,0
2025-02-10 00:00:00,2267.33,2283.98,2265.43,2282.08,6170,92,0
2025-02-10 04:00:00,2281.93,2284.53,2280.48,2281.98,4663,92,0
2025-02-10 08:00:00,2281.98,2285.69,2280.63,2282.94,5318,40,0
2025-02-10 12:00:00,2282.94,2292.44,2282.69,2291.29,5965,40,0
2025-02-10 16:00:00,2291.29,2292.29,2275.43,2288.73,27395,22,0
2025-02-10 20:00:00,2288.73,2292.18,2283.63,2287.08,14423,22,0
2025-02-11 00:00:00,2284.69,2285.69,2279.44,2281.14,3618,92,0
2025-02-11 04:00:00,2281.19,2281.49,2276.24,2280.24,4208,92,0
2025-02-11 08:00:00,2280.19,2280.29,2274.4,2275.2,6478,40,0
2025-02-11 12:00:00,2275.2,2277.0,2266.75,2266.85,7259,40,0
2025-02-11 16:00:00,2266.8,2281.04,2263.6,2267.44,29908,22,0
2025-02-11 20:00:00,2267.39,2275.79,2266.64,2275.24,18080,22,0
2025-02-12 00:00:00,2275.0,2276.8,2272.75,2275.15,4223,92,0
2025-02-12 04:00:00,2275.15,2275.35,2271.35,2272.05,4183,92,0
2025-02-12 08:00:00,2272.05,2276.79,2271.9,2275.49,3755,4,0
2025-02-12 12:00:00,2285.09,2288.69,2221.29,2239.49,5029,24,0
2025-02-12 16:00:00,2239.69,2260.79,2232.89,2259.89,29172,34,0
2025-02-12 20:00:00,2259.89,2261.49,2248.79,2253.29,12720,24,0
2025-02-13 00:00:00,2252.65,2257.55,2252.65,2255.45,2667,24,0
2025-02-13 04:00:00,2255.45,2260.65,2253.75,2259.15,3118,34,0
2025-02-13 08:00:00,2259.15,2260.45,2247.65,2257.55,6839,24,0
2025-02-13 12:00:00,2257.55,2275.25,2256.55,2268.45,9362,24,0
2025-02-13 16:00:00,2268.45,2271.25,2254.05,2259.45,22510,24,0
2025-02-13 20:00:00,2259.45,2280.45,2254.95,2277.15,17201,24,0
2025-02-14 00:00:00,2278.48,2281.68,2276.08,2281.68,2882,34,0
2025-02-14 04:00:00,2281.68,2282.38,2278.88,2279.28,2323,34,0
2025-02-14 08:00:00,2279.28,2283.38,2276.88,2278.08,4544,34,0
2025-02-14 12:00:00,2278.08,2286.08,2275.38,2285.28,5662,34,0
2025-02-14 16:00:00,2285.28,2295.58,2271.68,2274.88,19841,24,0
2025-02-14 20:00:00,2274.98,2279.38,2272.08,2276.88,9290,24,0
2025-02-17 00:00:00,2279.18,2282.28,2276.18,2280.48,2740,34,0
2025-02-17 04:00:00,2280.48,2284.68,2279.58,2283.28,1788,34,0
2025-02-17 08:00:00,2283.28,2283.58,2279.18,2282.08,2848,24,0
2025-02-17 12:00:00,2282.08,2282.68,2279.88,2281.38,2179,34,0
2025-02-17 16:00:00,2281.28,2282.28,2272.98,2280.68,4774,24,0
2025-02-18 00:00:00,2279.63,2280.83,2276.13,2278.33,2109,34,0
2025-02-18 04:00:00,2278.33,2278.93,2276.03,2276.73,2054,34,0
2025-02-18 08:00:00,2276.73,2281.73,2276.33,2278.03,3877,34,0
2025-02-18 12:00:00,2278.03,2289.9,2277.53,2287.89,4324,22,0
2025-02-18 16:00:00,2287.89,2296.4,2279.22,2289.5,24511,14,0
2025-02-18 20:00:00,2289.4,2294.28,2274.49,2291.2,14451,14,0
2025-02-19 00:00:00,2292.72,2295.95,2290.87,2293.87,2353,22,0
2025-02-19 04:00:00,2293.77,2294.57,2292.47,2294.17,1978,22,0
2025-02-19 08:00:00,2294.17,2294.97,2287.46,2288.37,3524,22,0
2025-02-19 12:00:00,2288.37,2288.67,2274.55,2274.85,6758,22,0
2025-02-19 16:00:00,2274.85,2284.09,2270.09,2277.69,22784,14,0
2025-02-19 20:00:00,2277.69,2291.18,2274.79,2278.99,15195,14,0
2025-02-20 00:00:00,2280.75,2280.99,2274.35,2275.1,2634,22,0
2025-02-20 04:00:00,2275.0,2275.75,2271.96,2273.1,3045,22,0
2025-02-20 08:00:00,2273.1,2278.8,2272.69,2278.4,4294,22,0
2025-02-20 12:00:00,2278.5,2281.59,2276.06,2279.48,5648,22,0
2025-02-20 16:00:00,2279.48,2281.11,2249.45,2256.36,32105,14,0
2025-02-20 20:00:00,2256.26,2268.94,2253.76,2259.46,15466,14,0
2025-02-21 00:00:00,2258.84,2262.48,2257.88,2258.88,2635,22,0
2025-02-21 04:00:00,2258.98,2261.09,2258.88,2260.19,2826,22,0
2025-02-21 08:00:00,2260.09,2265.59,2260.09,2263.69,4546,22,0
2025-02-21 12:00:00,2263.79,2277.76,2263.27,2277.36,4766,22,0
2025-02-21 16:00:00,2277.36,2281.32,2212.21,2213.51,36005,14,0
2025-02-21 20:00:00,2213.61,2214.3,2192.2,2194.33,33032,14,0
2025-02-24 00:00:00,2199.4,2209.7,2198.9,2205.94,4677,25,0
2025-02-24 04:00:00,2205.94,2207.93,2204.04,2204.85,3514,22,0
2025-02-24 08:00:00,2204.85,2210.61,2200.2,2209.52,6798,22,0
2025-02-24 12:00:00,2209.52,2215.73,2208.73,2209.83,5479,23,0
2025-02-24 16:00:00,2209.83,2210.99,2169.66,2196.46,45645,14,0
2025-02-24 20:00:00,2196.36,2203.18,2179.66,2182.89,23964,14,0
2025-02-25 00:00:00,2183.5,2185.84,2178.5,2185.75,3877,22,0
2025-02-25 04:00:00,2185.65,2189.15,2183.13,2187.35,3284,22,0
2025-02-25 08:00:00,2187.25,2188.05,2172.4,2172.7,7325,22,0
2025-02-25 12:00:00,2172.7,2184.8,2171.9,2182.3,7449,27,0
2025-02-25 16:00:00,2182.3,2190.96,2152.86,2173.58,47345,14,0
2025-02-25 20:00:00,2173.48,2186.56,2164.97,2176.79,28209,14,0
2025-02-26 00:00:00,2180.32,2181.32,2175.15,2175.56,2625,22,0
2025-02-26 04:00:00,2175.56,2181.37,2173.64,2181.17,2630,22,0
2025-02-26 08:00:00,2181.07,2182.54,2176.95,2178.14,4120,22,0
2025-02-26 12:00:00,2178.24,2184.95,2175.93,2180.12,5689,22,0
2025-02-26 16:00:00,2180.12,2202.58,2174.58,2181.48,40285,14,0
2025-02-26 20:00:00,2181.38,2185.09,2166.38,2179.0,34168,14,0
2025-02-27 00:00:00,2180.08,2181.92,2175.08,2180.99,4109,23,0
2025-02-27 04:00:00,2180.89,2191.2,2180.09,2190.01,4088,22,0
2025-02-27 08:00:00,2190.11,2195.08,2186.98,2192.2,6225,22,0
2025-02-27 12:00:00,2192.3,2196.81,2169.48,2171.68,8493,22,0
2025-02-27 16:00:00,2171.68,2182.15,2151.65,2163.36,43865,15,0
2025-02-27 20:00:00,2163.36,2170.56,2139.26,2143.48,32524,14,0
2025-02-28 00:00:00,2143.93,2145.43,2131.93,2136.73,4735,25,0
2025-02-28 04:00:00,2136.63,2139.03,2128.13,2135.66,6894,27,0
2025-02-28 08:00:00,2135.56,2141.03,2129.83,2140.06,7227,26,0
2025-02-28 12:00:00,2139.96,2141.06,2132.13,2136.43,7953,22,0
2025-02-28 16:00:00,2136.43,2157.02,2125.39,2134.02,46858,14,0
2025-02-28 20:00:00,2133.92,2162.32,2126.72,2159.45,36689,14,0
2025-03-03 00:00:00,2164.04,2190.94,2163.14,2171.44,6972,32,0
2025-03-03 04:00:00,2171.24,2177.17,2170.74,2175.58,4511,22,0
2025-03-03 08:00:00,2175.58,2178.14,2167.34,2177.46,8946,23,0
2025-03-03 12:00:00,2177.46,2182.54,2171.44,2172.84,7971,24,0
2025-03-03 16:00:00,2172.84,2176.63,2143.83,2150.93,48518,14,0
2025-03-03 20:00:00,2151.03,2151.83,2089.93,2110.96,44015,14,0
2025-03-04 00:00:00,2109.23,2113.53,2100.43,2101.23,6873,31,0
2025-03-04 04:00:00,2101.13,2110.53,2099.43,2107.43,8491,26,0
2025-03-04 08:00:00,2107.23,2109.63,2096.43,2098.13,12003,32,0
2025-03-04 12:00:00,2098.13,2098.53,2073.63,2076.23,16862,32,0
2025-03-04 16:00:00,2076.23,2083.01,2047.19,2071.29,60715,16,0
2025-03-04 20:00:00,2071.29,2113.39,2070.89,2099.6,51931,17,0
2025-03-05 00:00:00,2098.37,2106.17,2094.17,2098.67,7606,29,0
2025-03-05 04:00:00,2098.77,2103.47,2091.97,2100.89,8096,23,0
2025-03-05 08:00:00,2100.79,2112.47,2096.77,2110.07,11589,29,0
2025-03-05 12:00:00,2110.17,2111.27,2080.07,2080.97,16377,32,0
2025-03-05 16:00:00,2080.97,2094.23,2063.43,2087.53,57854,17,0
2025-03-05 20:00:00,2087.53,2104.03,2074.83,2098.36,42583,14,0
2025-03-06 00:00:00,2099.92,2102.73,2095.52,2097.94,4544,27,0
2025-03-06 04:00:00,2097.94,2101.04,2095.54,2098.12,4850,22,0
2025-03-06 08:00:00,2098.22,2102.65,2077.82,2080.12,13449,22,0
2025-03-06 12:00:00,2080.22,2083.42,2064.22,2075.02,17548,32,0
2025-03-06 16:00:00,2075.12,2097.13,2059.33,2067.03,57823,16,0
2025-03-06 20:00:00,2066.93,2084.93,2054.53,2071.55,49841,14,0
2025-03-07 00:00:00,2070.07,2076.57,2069.37,2074.49,6001,26,0
2025-03-07 04:00:00,2074.49,2076.67,2067.8,2068.97,5281,23,0
2025-03-07 08:00:00,2068.97,2077.27,2065.97,2073.28,11957,26,0
2025-03-07 12:00:00,2073.28,2097.67,2057.97,2066.47,15303,28,0
2025-03-07 16:00:00,2066.47,2080.03,2030.7,2053.3,61526,20,0
2025-03-07 20:00:00,2053.4,2085.1,2053.1,2073.73,41817,14,0
2025-03-10 00:00:00,2062.14,2064.34,2041.24,2058.04,8261,32,0
2025-03-10 04:00:00,2058.14,2065.94,2057.54,2063.06,6804,22,0
2025-03-10 08:00:00,2063.16,2066.64,2043.84,2045.14,10175,25,0
2025-03-10 12:00:00,2045.14,2058.04,2043.94,2052.14,16231,32,0
2025-03-10 16:00:00,2052.14,2061.6,2033.1,2035.9,57528,14,0
2025-03-10 20:00:00,2035.8,2036.7,2001.0,2024.33,45984,14,0
2025-03-11 00:00:00,2024.66,2026.76,2002.16,2009.66,8604,32,0
2025-03-11 04:00:00,2009.56,2033.16,2001.46,2030.66,12601,26,0
2025-03-11 08:00:00,2030.56,2039.66,2025.36,2039.26,11919,31,0
2025-03-11 12:00:00,2039.26,2043.86,2030.96,2032.76,11748,32,0
2025-03-11 16:00:00,2032.76,2040.52,2001.52,2009.22,67108,15,0
2025-03-11 20:00:00,2009.32,2046.22,1998.92,2024.84,53439,14,0
2025-03-12 00:00:00,2026.92,2033.62,2023.62,2030.74,5746,27,0
2025-03-12 04:00:00,2030.74,2033.32,2026.52,2029.03,5375,22,0
2025-03-12 08:00:00,2029.13,2037.42,2024.82,2036.92,9647,22,0
2025-03-12 12:00:00,2036.92,2075.32,2028.62,2046.62,15581,29,0
2025-03-12 16:00:00,2046.62,2051.08,2008.88,2021.18,58693,18,0
2025-03-12 20:00:00,2021.28,2041.2,2020.08,2022.51,38611,14,0
2025-03-13 00:00:00,2023.47,2031.57,2021.67,2027.09,4334,26,0
2025-03-13 04:00:00,2026.99,2029.51,2015.57,2017.97,5479,23,0
2025-03-13 08:00:00,2017.87,2019.17,2007.87,2017.97,13094,30,0
2025-03-13 12:00:00,2017.97,2028.57,2014.67,2023.87,14259,25,0
2025-03-13 16:00:00,2023.87,2033.93,1996.92,2001.22,53617,15,0
2025-03-13 20:00:00,2001.42,2007.12,1984.72,2000.35,36378,14,0
2025-03-14 00:00:00,2001.71,2013.22,2000.31,2011.32,4486,25,0
2025-03-14 04:00:00,2011.32,2016.73,2010.62,2015.45,4363,23,0
2025-03-14 08:00:00,2015.35,2016.63,2007.91,2014.01,6995,23,0
2025-03-14 12:00:00,2014.11,2019.31,2010.71,2017.81,9787,28,0
2025-03-14 16:00:00,2017.81,2041.1,2005.88,2039.19,46051,14,0
2025-03-14 20:00:00,2039.09,2043.39,2031.59,2036.21,28248,14,0
2025-03-17 00:00:00,2036.48,2039.2,2026.2,2029.74,13879,20,0
2025-03-17 04:00:00,2029.74,2031.4,2025.84,2027.7,11391,20,0
2025-03-17 08:00:00,2027.66,2029.92,2023.12,2029.46,16281,20,0
2025-03-17 12:00:00,2029.42,2043.16,2028.56,2040.7,22884,20,0
2025-03-17 16:00:00,2040.6,2062.5,2037.8,2058.0,62461,20,0
2025-03-17 20:00:00,2057.96,2074.02,2055.14,2065.1,42724,20,0
2025-03-18 00:00:00,2065.29,2067.96,2062.8,2063.42,8678,20,0
2025-03-18 04:00:00,2063.42,2064.52,2055.44,2056.1,9792,20,0
2025-03-18 08:00:00,2056.1,2064.4,2055.96,2063.0,13211,20,0
2025-03-18 12:00:00,2063.14,2064.8,2052.8,2053.1,23164,20,0
2025-03-18 16:00:00,2053.02,2056.76,2041.14,2049.0,63886,20,0
2025-03-18 20:00:00,2049.02,2054.82,2043.83,2050.5,48948,14,0
2025-03-19 00:00:00,2051.13,2059.2,2047.06,2057.94,9490,20,0
2025-03-19 04:00:00,2057.86,2058.24,2053.3,2053.96,9165,16,0
2025-03-19 08:00:00,2053.96,2056.2,2047.24,2052.8,18314,18,0
2025-03-19 12:00:00,2052.82,2058.14,2050.16,2051.4,18451,18,0
2025-03-19 16:00:00,2051.4,2071.62,2049.36,2067.3,46405,8,0
2025-03-19 20:00:00,2067.3,2095.92,2053.5,2083.1,54042,18,0
2025-03-20 00:00:00,2082.88,2091.8,2082.18,2091.0,7935,20,0
2025-03-20 04:00:00,2090.9,2094.9,2088.3,2093.1,7825,18,0
2025-03-20 08:00:00,2093.0,2094.2,2087.5,2090.84,12681,10,0
2025-03-20 12:00:00,2090.82,2091.34,2061.98,2065.24,35058,16,0
2025-03-20 16:00:00,2065.24,2090.3,2058.7,2073.14,62365,20,0
2025-03-20 20:00:00,2072.96,2079.6,2064.9,2065.3,46594,10,0
2025-03-21 00:00:00,2068.96,2072.52,2065.7,2070.62,7539,18,0
2025-03-21 04:00:00,2070.54,2072.74,2064.72,2065.3,11260,14,0
2025-03-21 08:00:00,2065.3,2066.24,2048.3,2053.58,20125,18,0
2025-03-21 12:00:00,2053.78,2061.66,2045.8,2046.52,25477,20,0
2025-03-21 16:00:00,2046.5,2060.72,2034.66,2060.22,66573,20,0
2025-03-21 20:00:00,2060.16,2061.9,2051.7,2058.8,41320,16,0
2025-03-24 00:00:00,2068.6,2075.28,2068.16,2072.72,9117,20,0
2025-03-24 04:00:00,2072.7,2073.64,2070.76,2073.0,7294,18,0
2025-03-24 08:00:00,2073.0,2081.86,2072.82,2081.32,10636,16,0
2025-03-24 12:00:00,2081.32,2090.7,2078.02,2090.0,14805,16,0
2025-03-24 16:00:00,2090.0,2108.04,2085.92,2097.14,39750,20,0
2025-03-24 20:00:00,2097.2,2110.9,2095.1,2104.82,26902,10,0
2025-03-25 00:00:00,2106.01,2106.26,2099.84,2103.36,4155,20,0
2025-03-25 04:00:00,2103.24,2106.08,2100.58,2100.6,6378,16,0
2025-03-25 08:00:00,2100.42,2103.4,2095.7,2097.72,9325,18,0
2025-03-25 12:00:00,2097.66,2105.5,2096.54,2102.5,12573,18,0
2025-03-25 16:00:00,2102.5,2111.02,2094.7,2101.04,48117,18,0
2025-03-25 20:00:00,2101.0,2104.9,2088.7,2097.1,33858,18,0
2025-03-26 00:00:00,2097.66,2098.86,2094.16,2096.32,4222,20,0
2025-03-26 04:00:00,2096.3,2096.3,2092.56,2093.42,5833,20,0
2025-03-26 08:00:00,2093.42,2094.52,2089.18,2090.24,9995,11,0
2025-03-26 12:00:00,2090.26,2099.94,2088.68,2099.7,14092,20,0
2025-03-26 16:00:00,2099.6,2106.8,2073.32,2073.66,55639,18,0
2025-03-26 20:00:00,2073.64,2077.66,2064.64,2072.3,44854,18,0
2025-03-27 00:00:00,2063.22,2072.24,2060.78,2070.5,10110,20,0
2025-03-27 04:00:00,2070.5,2081.6,2070.44,2081.36,8409,20,0
2025-03-27 08:00:00,2081.34,2082.5,2072.6,2080.1,17520,20,0
2025-03-27 12:00:00,2080.12,2081.82,2073.78,2075.46,23022,20,0
2025-03-27 16:00:00,2075.48,2081.9,2055.7,2060.82,60395,18,0
2025-03-27 20:00:00,2060.86,2076.92,2059.94,2067.12,43934,18,0
2025-03-28 00:00:00,2066.02,2067.78,2061.34,2066.78,6243,20,0
2025-03-28 04:00:00,2066.68,2070.62,2066.4,2070.08,7154,20,0
2025-03-28 08:00:00,2070.1,2072.04,2060.26,2066.06,17767,20,0
2025-03-28 12:00:00,2066.06,2067.46,2057.48,2057.48,21693,20,0
2025-03-28 16:00:00,2057.48,2065.34,2017.0,2018.32,63629,20,0
2025-03-28 20:00:00,2018.36,2023.2,2009.76,2012.3,44841,18,0
2025-03-31 00:00:00,2003.68,2009.84,1997.18,2001.68,15028,22,0
2025-03-31 04:00:00,2001.7,2007.44,1999.74,2003.26,15547,16,0
2025-03-31 08:00:00,2003.24,2005.46,1996.1,1997.62,25755,18,0
2025-03-31 12:00:00,1997.5,2000.08,1991.48,1995.62,25534,20,0
2025-03-31 16:00:00,1995.6,2004.6,1970.16,1998.44,67027,20,0
2025-03-31 20:00:00,1998.46,2022.4,1996.2,2009.02,51769,18,0
2025-04-01 00:00:00,2008.56,2011.04,2000.1,2002.36,11933,20,0
2025-04-01 04:00:00,2002.36,2007.36,2000.1,2003.16,11591,20,0
2025-04-01 08:00:00,2003.16,2013.42,2002.2,2011.84,21393,20,0
2025-04-01 12:00:00,2011.84,2017.08,2002.06,2005.1,31643,20,0
2025-04-01 16:00:00,2005.06,2029.02,1982.44,2014.9,69128,20,0
2025-04-01 20:00:00,2014.9,2017.0,1992.42,2011.6,49821,18,0
2025-04-02 00:00:00,2010.92,2021.7,2007.8,2009.82,11349,18,0
2025-04-02 04:00:00,2009.8,2011.04,2007.2,2008.56,9810,20,0
2025-04-02 08:00:00,2008.56,2010.54,2001.7,2003.4,17978,20,0
2025-04-02 12:00:00,2003.42,2005.8,1985.08,1987.92,28116,20,0
2025-04-02 16:00:00,1987.92,2043.54,1980.8,2041.6,67536,20,0
2025-04-02 20:00:00,2041.44,2077.5,1960.06,1963.78,70830,0,0
2025-04-03 00:00:00,1947.96,1959.18,1930.2,1946.9,21076,22,0
2025-04-03 04:00:00,1947.02,1966.2,1946.82,1961.72,24632,24,0
2025-04-03 08:00:00,1961.8,1969.58,1950.52,1963.38,37343,24,0
2025-04-03 12:00:00,1963.16,1965.74,1937.24,1937.76,42006,22,0
2025-04-03 16:00:00,1937.8,1965.7,1906.1,1927.54,86734,12,0
2025-04-03 20:00:00,1927.56,1933.06,1902.7,1905.54,65613,18,0
2025-04-04 00:00:00,1908.38,1914.62,1902.48,1906.52,15684,18,0
2025-04-04 04:00:00,1906.48,1909.78,1888.1,1888.66,23040,22,0
2025-04-04 08:00:00,1888.64,1907.46,1878.76,1881.18,39679,22,0
2025-04-04 12:00:00,1881.18,1886.2,1798.7,1838.48,69833,16,0
2025-04-04 16:00:00,1838.6,1853.94,1779.1,1806.86,101500,0,0
2025-04-04 20:00:00,1806.82,1840.12,1795.2,1818.74,88154,6,0
2025-04-07 00:00:00,1758.3,1764.28,1698.36,1746.36,18562,22,0
2025-04-07 04:00:00,1746.38,1767.04,1741.0,1755.72,41242,24,0
2025-04-07 08:00:00,1755.72,1776.32,1718.06,1744.56,60729,22,0
2025-04-07 12:00:00,1744.6,1788.82,1734.46,1782.78,69209,0,0
2025-04-07 16:00:00,1782.76,1917.7,1728.4,1779.14,97121,0,0
2025-04-07 20:00:00,1779.18,1836.66,1778.94,1817.54,87054,0,0
2025-04-08 00:00:00,1821.11,1843.32,1817.5,1827.38,17283,24,0
2025-04-08 04:00:00,1827.38,1851.08,1820.84,1837.68,26450,22,0
2025-04-08 08:00:00,1837.64,1854.34,1827.36,1846.94,40595,24,0
2025-04-08 12:00:00,1846.8,1876.28,1835.46,1856.18,48999,12,0
2025-04-08 16:00:00,1855.94,1877.36,1788.0,1788.26,94958,0,0
2025-04-08 20:00:00,1788.46,1801.92,1735.52,1754.24,86321,0,0
2025-04-09 00:00:00,1756.33,1756.4,1721.6,1724.5,26108,20,0
2025-04-09 04:00:00,1724.5,1746.68,1702.0,1708.2,38608,22,0
2025-04-09 08:00:00,1708.2,1768.26,1698.04,1756.88,51753,22,0
2025-04-09 12:00:00,1756.9,1763.94,1704.72,1730.6,51658,20,0
2025-04-09 16:00:00,1730.5,1778.5,1729.96,1751.2,96162,0,0
2025-04-09 20:00:00,1751.2,1936.74,1743.14,1924.46,91958,0,0
2025-04-10 00:00:00,1919.51,1933.44,1909.6,1916.96,18822,30,0
2025-04-10 04:00:00,1916.9,1920.46,1894.3,1899.24,26838,32,0
2025-04-10 08:00:00,1899.24,1908.78,1856.44,1859.56,45238,32,0
2025-04-10 12:00:00,1859.56,1873.76,1841.26,1855.9,49781,28,0
2025-04-10 16:00:00,1855.92,1867.9,1782.3,1814.6,73539,0,0
2025-04-10 20:00:00,1814.5,1850.1,1790.2,1831.7,70971,20,0
2025-04-11 00:00:00,1832.95,1843.6,1798.06,1808.58,22849,26,0
2025-04-11 04:00:00,1808.4,1841.24,1806.3,1836.98,30437,26,0
2025-04-11 08:00:00,1837.12,1861.74,1817.16,1824.34,45781,0,0
2025-04-11 12:00:00,1824.2,1851.14,1819.44,1829.98,46978,18,0
2025-04-11 16:00:00,1829.98,1841.7,1798.7,1837.5,96205,0,0
2025-04-11 20:00:00,1837.52,1862.3,1827.92,1857.6,73799,20,0
2025-04-14 00:00:00,1881.16,1881.6,1855.14,1862.7,13829,30,0
2025-04-14 04:00:00,1862.7,1871.7,1858.7,1870.6,10125,30,0
2025-04-14 08:00:00,1870.6,1875.14,1862.3,1874.64,18067,24,0
2025-04-14 12:00:00,1874.64,1886.2,1864.46,1885.34,28450,20,0
2025-04-14 16:00:00,1885.3,1894.7,1844.62,1856.62,90098,20,0
2025-04-14 20:00:00,1856.82,1889.12,1856.14,1877.14,67423,0,0
2025-04-15 00:00:00,1875.25,1879.4,1869.8,1878.6,10323,22,0
2025-04-15 04:00:00,1878.6,1881.22,1875.8,1879.42,12075,26,0
2025-04-15 08:00:00,1879.4,1889.0,1876.34,1881.4,20490,26,0
2025-04-15 12:00:00,1881.4,1884.2,1864.8,1870.7,24558,24,0
2025-04-15 16:00:00,1870.7,1905.6,1870.0,1882.8,45283,20,0
2025-04-15 20:00:00,1882.8,1887.0,1873.0,1880.8,28242,20,0
2025-04-16 00:00:00,1870.66,1876.88,1867.4,1873.4,13831,28,0
2025-04-16 04:00:00,1873.46,1878.4,1872.5,1872.9,9661,20,0
2025-04-16 08:00:00,1873.0,1888.1,1857.5,1872.72,34047,22,0
2025-04-16 12:00:00,1872.6,1881.4,1871.92,1873.14,33763,20,0
2025-04-16 16:00:00,1872.86,1881.7,1864.0,1868.8,74341,18,0
2025-04-16 20:00:00,1868.82,1874.0,1838.94,1861.26,71354,14,0
2025-04-17 00:00:00,1865.56,1875.3,1859.9,1874.9,14182,24,0
2025-04-17 04:00:00,1874.8,1881.0,1873.2,1880.0,8686,20,0
2025-04-17 08:00:00,1880.0,1887.4,1873.5,1874.2,17973,20,0
2025-04-17 12:00:00,1874.2,1878.6,1864.6,1870.4,26842,20,0
2025-04-17 16:00:00,1870.4,1883.7,1858.0,1880.7,51872,0,0
2025-04-17 20:00:00,1880.7,1888.6,1872.6,1884.16,34363,2,0
2025-04-21 00:00:00,1870.8,1877.94,1866.58,1872.0,11568,20,0
2025-04-21 04:00:00,1872.04,1872.86,1862.08,1864.32,12744,18,0
2025-04-21 08:00:00,1864.34,1868.36,1858.8,1862.92,13942,20,0
2025-04-21 12:00:00,1862.92,1867.4,1856.5,1861.64,19470,20,0
2025-04-21 16:00:00,1861.62,1866.94,1830.6,1831.2,57742,20,0
2025-04-21 20:00:00,1831.2,1842.7,1820.9,1837.42,49239,18,0
2025-04-22 00:00:00,1837.83,1847.72,1834.76,1847.2,12011,20,0
2025-04-22 04:00:00,1847.18,1854.86,1846.86,1849.78,17401,22,0
2025-04-22 08:00:00,1849.76,1866.36,1849.04,1859.92,25670,20,0
2025-04-22 12:00:00,1859.9,1863.8,1854.06,1863.6,24213,20,0
2025-04-22 16:00:00,1863.5,1895.42,1859.2,1888.9,63156,20,0
2025-04-22 20:00:00,1888.86,1894.24,1869.74,1891.2,58605,0,0
2025-04-23 00:00:00,1918.19,1937.06,1917.9,1923.52,22385,20,0
2025-04-23 04:00:00,1923.4,1924.72,1915.3,1923.96,16799,18,0
2025-04-23 08:00:00,1923.96,1933.02,1920.44,1929.94,23122,20,0
2025-04-23 12:00:00,1929.82,1944.0,1926.84,1943.9,23984,20,0
2025-04-23 16:00:00,1943.8,1970.06,1918.0,1928.56,79282,0,0
2025-04-23 20:00:00,1928.42,1934.3,1912.3,1921.86,64598,0,0
2025-04-24 00:00:00,1920.64,1922.3,1912.2,1919.68,14692,24,0
2025-04-24 04:00:00,1919.68,1920.78,1909.28,1914.04,16083,22,0
2025-04-24 08:00:00,1914.04,1915.58,1900.58,1904.26,29717,16,0
2025-04-24 12:00:00,1904.26,1918.66,1904.26,1917.84,30723,20,0
2025-04-24 16:00:00,1917.86,1953.2,1913.24,1951.66,64172,20,0
2025-04-24 20:00:00,1951.66,1964.56,1947.36,1955.2,47113,18,0
2025-04-25 00:00:00,1958.27,1958.5,1951.82,1957.7,11955,20,0
2025-04-25 04:00:00,1957.66,1959.62,1949.02,1953.82,17429,18,0
2025-04-25 08:00:00,1953.76,1957.28,1948.26,1951.08,26534,14,0
2025-04-25 12:00:00,1951.1,1952.8,1935.88,1937.56,34610,8,0
2025-04-25 16:00:00,1937.56,1949.1,1929.84,1946.8,66956,2,0
2025-04-25 20:00:00,1946.8,1957.9,1936.9,1954.84,50159,12,0
2025-04-28 00:00:00,1952.51,1954.06,1934.98,1937.4,11187,20,0
2025-04-28 04:00:00,1937.4,1939.9,1936.0,1938.82,10578,14,0
2025-04-28 08:00:00,1938.78,1948.96,1937.4,1948.6,17467,16,0
2025-04-28 12:00:00,1948.5,1957.12,1946.9,1956.32,21010,20,0
2025-04-28 16:00:00,1956.3,1976.54,1942.5,1944.6,68154,14,0
2025-04-28 20:00:00,1944.6,1967.9,1940.1,1960.2,40929,16,0
2025-04-29 00:00:00,1960.29,1965.06,1957.26,1964.28,9275,20,0
2025-04-29 04:00:00,1964.24,1968.62,1962.5,1963.04,13240,14,0
2025-04-29 08:00:00,1963.06,1970.3,1960.92,1968.96,20291,20,0
2025-04-29 12:00:00,1968.94,1969.34,1956.52,1958.4,29398,20,0
2025-04-29 16:00:00,1958.42,1975.12,1945.0,1967.1,64548,18,0
2025-04-29 20:00:00,1967.04,1984.04,1965.5,1979.06,42721,16,0
2025-04-30 00:00:00,1978.36,1978.82,1970.82,1972.04,9895,20,0
2025-04-30 04:00:00,1972.04,1973.26,1967.5,1970.72,13045,20,0
2025-04-30 08:00:00,1970.72,1977.44,1968.84,1974.62,17870,20,0
2025-04-30 12:00:00,1974.62,1979.7,1938.5,1945.12,26447,18,0
2025-04-30 16:00:00,1945.62,1956.3,1921.5,1952.44,70836,20,0
2025-04-30 20:00:00,1952.5,1969.8,1946.36,1962.04,58023,16,0
2025-05-01 00:00:00,1962.98,1965.82,1958.7,1963.42,13067,18,0
2025-05-01 04:00:00,1963.42,1968.84,1962.22,1965.9,9741,20,0
2025-05-01 08:00:00,1965.9,1969.28,1962.7,1968.68,15227,18,0
2025-05-01 12:00:00,1968.68,1974.76,1959.8,1959.82,22732,20,0
2025-05-01 16:00:00,1959.74,1991.1,1951.54,1971.2,63532,6,0
2025-05-01 20:00:00,1971.1,1988.9,1967.54,1974.66,47772,20,0
2025-05-02 00:00:00,1972.74,1998.46,1971.6,1997.36,14605,18,0
2025-05-02 04:00:00,1997.3,2010.2,1996.14,2006.12,17381,14,0
2025-05-02 08:00:00,2006.1,2006.6,1990.3,1990.44,23779,16,0
2025-05-02 12:00:00,1990.44,2008.58,1989.02,2006.1,26919,18,0
2025-05-02 16:00:00,2006.1,2026.8,1993.96,2023.2,62112,0,0
2025-05-02 20:00:00,2023.2,2026.72,2017.92,2020.34,37335,18,0
2025-05-05 00:00:00,2018.36,2018.86,2004.32,2004.84,11402,20,0
2025-05-05 04:00:00,2004.8,2005.02,1996.1,1996.7,12096,14,0
2025-05-05 08:00:00,1996.7,2002.7,1996.66,1998.28,15750,16,0
2025-05-05 12:00:00,1998.24,2004.2,1997.22,2003.1,14139,14,0
2025-05-05 16:00:00,2002.92,2017.4,1994.9,2016.2,51550,18,0
2025-05-05 20:00:00,2016.2,2019.5,2001.14,2003.8,28447,16,0
2025-05-06 00:00:00,2003.01,2005.48,2001.5,2003.06,6875,20,0
2025-05-06 04:00:00,2003.04,2004.8,2000.2,2001.84,10123,16,0
2025-05-06 08:00:00,2001.84,2001.92,1984.24,1988.14,18094,18,0
2025-05-06 12:00:00,1988.2,1992.12,1982.2,1987.3,22503,18,0
2025-05-06 16:00:00,1987.2,2000.82,1971.0,1980.7,55895,18,0
2025-05-06 20:00:00,1980.9,1990.74,1971.8,1976.1,41772,16,0
2025-05-07 00:00:00,1974.94,2005.88,1974.4,2002.32,20995,16,0
2025-05-07 04:00:00,2002.3,2004.2,1996.22,1999.12,15403,20,0
2025-05-07 08:00:00,1999.12,2000.84,1992.86,2000.76,17916,20,0
2025-05-07 12:00:00,2000.76,2003.6,1996.3,1996.6,17475,18,0
2025-05-07 16:00:00,1996.7,1999.5,1983.1,1997.9,59335,18,0
2025-05-07 20:00:00,1997.82,1999.9,1974.26,1988.96,60924,14,0
2025-05-08 00:00:00,1989.2,1999.14,1986.84,1996.98,10222,20,0
2025-05-08 04:00:00,1997.02,2009.9,1995.6,2008.74,16924,20,0
2025-05-08 08:00:00,2008.72,2016.04,2002.26,2015.36,15827,20,0
2025-05-08 12:00:00,2015.1,2020.6,2007.8,2012.0,19536,18,0
2025-05-08 16:00:00,2012.2,2041.32,1996.66,2040.44,64801,20,0
2025-05-08 20:00:00,2040.4,2040.6,2021.74,2022.74,41146,18,0
2025-05-09 00:00:00,2024.13,2024.68,2013.14,2016.8,9865,20,0
2025-05-09 04:00:00,2016.76,2025.6,2015.8,2024.14,12590,8,0
2025-05-09 08:00:00,2024.14,2024.3,2016.64,2020.54,18140,20,0
2025-05-09 12:00:00,2020.52,2034.8,2018.34,2028.6,21484,10,0
2025-05-09 16:00:00,2028.56,2036.0,2012.5,2014.8,57289,18,0
2025-05-09 20:00:00,2014.8,2025.56,2014.4,2025.5,34510,0,0
2025-05-12 00:00:00,2063.4,2067.32,2047.82,2059.6,18851,20,0
2025-05-12 04:00:00,2059.5,2068.46,2059.1,2062.8,11076,20,0
2025-05-12 08:00:00,2062.82,2133.12,2061.6,2086.26,32913,0,0
2025-05-12 12:00:00,2086.22,2125.6,2085.8,2107.1,33437,18,0
2025-05-12 16:00:00,2107.1,2112.02,2072.7,2093.6,66103,20,0
2025-05-12 20:00:00,2093.62,2100.2,2090.0,2095.96,40009,14,0
2025-05-13 00:00:00,2095.7,2095.7,2082.9,2083.04,10135,18,0
2025-05-13 04:00:00,2083.04,2085.1,2078.66,2080.24,11363,18,0
2025-05-13 08:00:00,2080.24,2088.6,2079.54,2083.06,16464,20,0
2025-05-13 12:00:00,2083.2,2112.2,2082.86,2104.76,21252,20,0
2025-05-13 16:00:00,2104.5,2108.16,2093.26,2102.9,55684,20,0
2025-05-13 20:00:00,2102.9,2110.2,2096.04,2096.34,32087,18,0
2025-05-14 00:00:00,2099.89,2101.7,2095.8,2096.36,8179,14,0
2025-05-14 04:00:00,2096.36,2099.5,2092.64,2098.48,9356,20,0
2025-05-14 08:00:00,2098.5,2099.7,2092.9,2093.92,18201,20,0
2025-05-14 12:00:00,2093.92,2101.72,2091.72,2098.74,21610,18,0
2025-05-14 16:00:00,2098.72,2098.9,2078.6,2086.8,54358,20,0
2025-05-14 20:00:00,2086.82,2088.22,2079.82,2080.0,37551,18,0
2025-05-15 00:00:00,2082.65,2082.65,2074.94,2081.16,7339,20,0
2025-05-15 04:00:00,2081.12,2082.4,2078.86,2082.08,6853,20,0
2025-05-15 08:00:00,2082.08,2082.46,2072.86,2075.16,17805,20,0
2025-05-15 12:00:00,2075.14,2086.5,2074.22,2079.38,17831,16,0
2025-05-15 16:00:00,2079.32,2090.6,2067.5,2090.3,50427,20,0
2025-05-15 20:00:00,2090.34,2099.2,2088.6,2097.26,35891,18,0
2025-05-16 00:00:00,2098.79,2098.92,2093.9,2094.1,6820,10,0
2025-05-16 04:00:00,2094.06,2097.36,2092.6,2096.18,8413,20,0
2025-05-16 08:00:00,2096.18,2101.1,2094.64,2099.34,11546,20,0
2025-05-16 12:00:00,2099.32,2111.82,2099.1,2106.42,13905,20,0
2025-05-16 16:00:00,2106.42,2107.6,2091.34,2106.0,45151,20,0
2025-05-16 20:00:00,2105.9,2115.3,2095.54,2101.0,24603,18,0
2025-05-19 00:00:00,2090.85,2101.32,2090.75,2094.74,12975,10,0
2025-05-19 04:00:00,2094.74,2097.68,2087.7,2088.24,15128,16,0
2025-05-19 08:00:00,2088.2,2092.14,2075.24,2078.02,21548,18,0
2025-05-19 12:00:00,2078.3,2085.86,2075.34,2083.5,19840,16,0
2025-05-19 16:00:00,2083.54,2100.3,2076.1,2099.22,47075,12,0
2025-05-19 20:00:00,2099.2,2104.4,2095.44,2102.54,30441,10,0
2025-05-20 00:00:00,2100.71,2106.04,2100.71,2101.72,7713,18,0
2025-05-20 04:00:00,2101.7,2101.72,2094.3,2095.4,11676,18,0
2025-05-20 08:00:00,2095.4,2097.9,2090.94,2095.1,15180,18,0
2025-05-20 12:00:00,2095.1,2105.0,2093.9,2101.0,14311,18,0
2025-05-20 16:00:00,2101.02,2106.5,2092.74,2106.02,42361,18,0
2025-05-20 20:00:00,2106.0,2110.9,2095.2,2103.36,33830,18,0
2025-05-21 00:00:00,2104.51,2104.88,2096.52,2102.7,9855,16,0
2025-05-21 04:00:00,2102.72,2103.4,2096.26,2096.82,10375,20,0
2025-05-21 08:00:00,2096.8,2098.84,2085.86,2088.32,16714,20,0
2025-05-21 12:00:00,2088.52,2090.1,2078.7,2082.2,19809,16,0
2025-05-21 16:00:00,2082.32,2089.32,2075.4,2081.9,55595,18,0
2025-05-21 20:00:00,2081.94,2083.0,2041.3,2044.82,65592,18,0
2025-05-22 00:00:00,2045.04,2052.2,2042.8,2052.0,10893,18,0
2025-05-22 04:00:00,2052.0,2053.22,2047.2,2047.8,8546,18,0
2025-05-22 08:00:00,2047.74,2053.26,2046.34,2047.98,16776,20,0
2025-05-22 12:00:00,2047.98,2049.34,2021.88,2036.12,26839,20,0
2025-05-22 16:00:00,2035.76,2052.5,2028.16,2041.3,68946,20,0
2025-05-22 20:00:00,2041.3,2056.8,2040.34,2048.62,40165,18,0
2025-05-23 00:00:00,2049.43,2050.88,2042.24,2050.72,7857,18,0
2025-05-23 04:00:00,2050.72,2051.84,2044.7,2045.4,9072,20,0
2025-05-23 08:00:00,2045.4,2055.16,2039.62,2049.62,14763,18,0
2025-05-23 12:00:00,2049.6,2049.6,1977.08,2004.0,38071,6,0
2025-05-23 16:00:00,2004.0,2038.1,1996.62,2035.4,68671,14,0
2025-05-23 20:00:00,2035.4,2044.8,2034.02,2035.82,43265,18,0
2025-05-26 00:00:00,2037.6,2065.66,2037.6,2061.58,16537,19,0
2025-05-26 04:00:00,2061.52,2065.7,2059.9,2065.24,10309,16,0
2025-05-26 08:00:00,2065.22,2068.76,2061.9,2063.26,14584,20,0
2025-05-26 12:00:00,2063.2,2064.78,2060.5,2061.12,9082,20,0
2025-05-26 16:00:00,2061.12,2067.04,2054.0,2063.9,15548,20,0
2025-05-27 00:00:00,2061.2,2064.84,2058.88,2064.64,8216,20,0
2025-05-27 04:00:00,2064.66,2064.82,2056.96,2059.16,9667,20,0
2025-05-27 08:00:00,2059.16,2076.8,2058.1,2072.04,15693,18,0
2025-05-27 12:00:00,2072.04,2077.32,2068.48,2070.52,16523,14,0
2025-05-27 16:00:00,2070.52,2090.3,2054.9,2086.6,42819,18,0
2025-05-27 20:00:00,2086.6,2093.32,2084.0,2093.1,24205,16,0
2025-05-28 00:00:00,2092.38,2092.66,2089.44,2089.9,5894,20,0
2025-05-28 04:00:00,2089.92,2091.3,2084.82,2085.0,7485,18,0
2025-05-28 08:00:00,2085.0,2086.6,2081.9,2081.94,11452,18,0
2025-05-28 12:00:00,2081.94,2092.54,2078.84,2088.64,14983,18,0
2025-05-28 16:00:00,2088.64,2093.7,2070.6,2074.02,46084,18,0
2025-05-28 20:00:00,2074.0,2078.84,2065.06,2066.42,41520,18,0
2025-05-29 00:00:00,2066.35,2111.2,2063.06,2108.26,24493,4,0
2025-05-29 04:00:00,2108.18,2124.3,2103.0,2121.7,17254,12,0
2025-05-29 08:00:00,2121.7,2126.14,2107.0,2108.96,17770,18,0
2025-05-29 12:00:00,2109.0,2109.08,2079.62,2079.9,25705,20,0
2025-05-29 16:00:00,2079.94,2083.8,2057.3,2069.8,53412,20,0
2025-05-29 20:00:00,2069.8,2075.2,2066.8,2072.9,36175,20,0
2025-05-30 00:00:00,2071.24,2073.98,2066.1,2067.82,9754,20,0
2025-05-30 04:00:00,2067.82,2070.8,2059.92,2070.0,9457,20,0
2025-05-30 08:00:00,2070.0,2073.2,2064.7,2068.32,15701,20,0
2025-05-30 12:00:00,2068.4,2071.82,2052.56,2061.2,21529,16,0
2025-05-30 16:00:00,2061.22,2070.9,2047.2,2051.0,50832,0,0
2025-05-30 20:00:00,2051.0,2074.5,2049.1,2060.54,35394,20,0
2025-06-02 00:00:00,2056.5,2060.0,2053.4,2057.5,8192,20,0
2025-06-02 04:00:00,2057.5,2059.5,2051.32,2052.4,7447,20,0
2025-06-02 08:00:00,2052.5,2058.7,2041.94,2055.64,17470,20,0
2025-06-02 12:00:00,2055.7,2066.32,2050.62,2066.3,15766,20,0
2025-06-02 16:00:00,2066.3,2071.1,2039.3,2066.3,41547,20,0
2025-06-02 20:00:00,2066.3,2073.9,2059.0,2071.32,16294,20,0
2025-06-03 00:00:00,2071.18,2071.82,2063.7,2064.9,6514,18,0
2025-06-03 04:00:00,2064.9,2065.9,2056.6,2058.7,5888,20,0
2025-06-03 08:00:00,2058.7,2061.0,2051.1,2060.6,13606,20,0
2025-06-03 12:00:00,2060.6,2079.12,2060.12,2078.9,13790,20,0
2025-06-03 16:00:00,2078.8,2104.7,2068.4,2103.9,34654,16,0
2025-06-03 20:00:00,2103.9,2108.9,2098.1,2104.0,19519,20,0
2025-06-04 00:00:00,2103.81,2107.32,2103.72,2104.7,6908,20,0
2025-06-04 04:00:00,2104.64,2105.6,2101.0,2103.0,6687,20,0
2025-06-04 08:00:00,2103.0,2114.94,2102.72,2109.5,9399,14,0
2025-06-04 12:00:00,2109.5,2112.7,2100.5,2102.52,13812,20,0
2025-06-04 16:00:00,2102.52,2112.8,2093.9,2099.6,33475,10,0
2025-06-04 20:00:00,2099.6,2105.4,2095.12,2095.6,13500,20,0
2025-06-05 00:00:00,2096.6,2098.6,2094.7,2096.84,5753,20,0
2025-06-05 04:00:00,2096.8,2097.8,2095.06,2097.7,6841,20,0
2025-06-05 08:00:00,2097.7,2105.0,2095.5,2101.82,11217,20,0
2025-06-05 12:00:00,2101.82,2113.7,2089.7,2102.54,17630,0,0
2025-06-05 16:00:00,2102.6,2111.3,2082.6,2097.5,45044,0,0
2025-06-05 20:00:00,2097.5,2109.9,2087.5,2098.8,37246,20,0
2025-06-06 00:00:00,2096.4,2106.2,2094.98,2105.38,10092,20,0
2025-06-06 04:00:00,2105.38,2109.02,2104.5,2109.0,8879,20,0
2025-06-06 08:00:00,2108.94,2113.06,2107.14,2110.36,15616,20,0
2025-06-06 12:00:00,2110.32,2125.98,2102.66,2124.3,22839,20,0
2025-06-06 16:00:00,2124.3,2133.4,2117.74,2122.8,57581,18,0
2025-06-06 20:00:00,2122.74,2133.02,2120.6,2132.24,31170,10,0
2025-06-09 00:00:00,2133.94,2137.84,2129.4,2133.1,8491,20,0
2025-06-09 04:00:00,2133.0,2135.3,2129.1,2134.5,5706,20,0
2025-06-09 08:00:00,2134.5,2148.52,2133.5,2147.8,9755,14,0
2025-06-09 12:00:00,2147.8,2150.7,2144.3,2149.4,10063,18,0
2025-06-09 16:00:00,2149.5,2152.1,2137.4,2146.9,29141,20,0
2025-06-09 20:00:00,2146.9,2154.8,2144.4,2146.32,13163,10,0
2025-06-10 00:00:00,2145.62,2149.2,2144.64,2148.3,4441,18,0
2025-06-10 04:00:00,2148.22,2159.2,2148.1,2154.8,6846,20,0
2025-06-10 08:00:00,2154.8,2156.02,2140.0,2147.2,21858,20,0
2025-06-10 12:00:00,2147.2,2157.1,2146.42,2154.5,11590,20,0
2025-06-10 16:00:00,2154.5,2166.1,2151.7,2160.8,30585,20,0
2025-06-10 20:00:00,2160.8,2161.1,2149.9,2157.1,18847,18,0
2025-06-11 00:00:00,2155.56,2163.42,2154.8,2155.24,8439,18,0
2025-06-11 04:00:00,2155.2,2156.5,2151.94,2153.62,5084,20,0
2025-06-11 08:00:00,2153.62,2159.6,2151.5,2159.4,9101,20,0
2025-06-11 12:00:00,2159.4,2190.52,2151.72,2170.6,18374,10,0
2025-06-11 16:00:00,2170.5,2173.8,2152.72,2159.6,43737,20,0
2025-06-11 20:00:00,2159.52,2166.2,2143.5,2145.6,37243,16,0
2025-06-12 00:00:00,2145.3,2150.0,2135.0,2136.14,10033,18,0
2025-06-12 04:00:00,2136.2,2138.54,2129.12,2134.64,10063,20,0
2025-06-12 08:00:00,2134.62,2138.72,2123.96,2134.1,16661,20,0
2025-06-12 12:00:00,2134.1,2136.1,2123.44,2133.5,20354,20,0
2025-06-12 16:00:00,2133.5,2145.1,2128.7,2138.0,42198,20,0
2025-06-12 20:00:00,2138.0,2143.4,2135.4,2136.3,21065,20,0
2025-06-13 00:00:00,2135.72,2135.72,2072.32,2075.88,18021,18,0
2025-06-13 04:00:00,2075.82,2076.3,2053.08,2067.52,21327,30,0
2025-06-13 08:00:00,2067.58,2089.92,2065.22,2086.3,29237,26,0
2025-06-13 12:00:00,2086.32,2096.6,2081.82,2091.3,27949,20,0
2025-06-13 16:00:00,2091.3,2108.4,2084.4,2104.1,36626,20,0
2025-06-13 20:00:00,2104.1,2105.12,2075.6,2082.2,33241,20,0
2025-06-16 00:00:00,2092.25,2106.48,2085.95,2106.27,4442,25,0
2025-06-16 04:00:00,2106.37,2110.85,2105.35,2107.5,2427,22,0
2025-06-16 08:00:00,2107.6,2121.59,2107.6,2120.16,6168,22,0
2025-06-16 12:00:00,2120.36,2128.55,2116.46,2123.65,5409,23,0
2025-06-16 16:00:00,2123.65,2136.73,2113.51,2126.84,25438,14,0
2025-06-16 20:00:00,2126.74,2129.84,2118.54,2125.54,13713,14,0
2025-06-17 00:00:00,2127.41,2127.91,2106.51,2114.91,8795,22,0
2025-06-17 04:00:00,2114.91,2117.11,2107.41,2111.64,8133,22,0
2025-06-17 08:00:00,2111.74,2114.11,2098.01,2107.61,11963,24,0
2025-06-17 12:00:00,2107.51,2114.21,2103.81,2107.91,9872,27,0
2025-06-17 16:00:00,2107.91,2120.97,2104.79,2111.1,31440,14,0
2025-06-17 20:00:00,2111.1,2114.12,2098.43,2100.73,28748,14,0
2025-06-18 00:00:00,2097.45,2099.65,2089.25,2097.96,6585,22,0
2025-06-18 04:00:00,2098.06,2100.98,2096.07,2099.1,5832,22,0
2025-06-18 08:00:00,2099.0,2107.36,2098.9,2105.25,7620,22,0
2025-06-18 12:00:00,2105.25,2108.65,2095.15,2098.95,8168,22,0
2025-06-18 16:00:00,2098.95,2128.33,2093.11,2123.13,28621,14,0
2025-06-18 20:00:00,2123.03,2130.7,2107.1,2114.83,34882,14,0
2025-06-19 00:00:00,2113.11,2116.43,2108.11,2111.61,4090,22,0
2025-06-19 04:00:00,2111.51,2112.06,2101.21,2111.76,5000,22,0
2025-06-19 08:00:00,2111.66,2111.76,2092.11,2097.93,9297,22,0
2025-06-19 12:00:00,2098.03,2099.61,2085.01,2088.41,8328,22,0
2025-06-19 16:00:00,2088.41,2090.5,2073.37,2077.68,13290,14,0
2025-06-20 00:00:00,2086.6,2104.8,2086.3,2101.2,5735,25,0
2025-06-20 04:00:00,2101.2,2105.25,2095.8,2104.05,4296,22,0
2025-06-20 08:00:00,2103.95,2112.21,2102.0,2103.4,6481,22,0
2025-06-20 12:00:00,2103.3,2142.7,2103.3,2138.8,10092,25,0
2025-06-20 16:00:00,2138.8,2139.46,2105.87,2109.97,39267,14,0
2025-06-20 20:00:00,2110.07,2114.99,2100.87,2114.59,22808,14,0
2025-06-23 00:00:00,2085.09,2106.59,2083.19,2098.42,6414,26,0
2025-06-23 04:00:00,2098.52,2103.32,2097.12,2101.24,3030,22,0
2025-06-23 08:00:00,2101.24,2115.49,2101.04,2110.4,6575,22,0
2025-06-23 12:00:00,2110.4,2110.89,2095.29,2103.39,7354,22,0
2025-06-23 16:00:00,2103.39,2124.37,2084.85,2091.05,38763,14,0
2025-06-23 20:00:00,2091.15,2135.25,2090.25,2134.58,26066,14,0
2025-06-24 00:00:00,2134.32,2153.72,2133.42,2149.82,6647,26,0
2025-06-24 04:00:00,2149.82,2154.57,2148.82,2153.87,3662,22,0
2025-06-24 08:00:00,2153.77,2165.83,2152.02,2159.33,9682,22,0
2025-06-24 12:00:00,2159.23,2160.63,2151.02,2152.65,6820,22,0
2025-06-24 16:00:00,2152.65,2164.39,2141.09,2160.71,25134,14,0
2025-06-24 20:00:00,2160.61,2167.41,2156.61,2161.01,10845,14,0
2025-06-25 00:00:00,2161.17,2163.62,2158.48,2162.52,1989,22,0
2025-06-25 04:00:00,2162.32,2162.72,2159.12,2162.52,1564,22,0
2025-06-25 08:00:00,2162.32,2166.22,2160.59,2163.62,3649,22,0
2025-06-25 12:00:00,2163.72,2165.82,2156.9,2165.11,4047,22,0
2025-06-25 16:00:00,2165.11,2165.86,2139.46,2142.96,24529,14,0
2025-06-25 20:00:00,2143.06,2146.36,2134.16,2135.46,13921,14,0
2025-06-26 00:00:00,2136.02,2139.77,2134.85,2139.07,2278,22,0
2025-06-26 04:00:00,2139.07,2141.17,2136.67,2140.97,1882,22,0
2025-06-26 08:00:00,2140.97,2146.37,2137.55,2143.57,4338,22,0
2025-06-26 12:00:00,2143.67,2147.25,2138.72,2146.54,4636,22,0
2025-06-26 16:00:00,2146.54,2162.21,2143.11,2159.61,22213,14,0
2025-06-26 20:00:00,2159.51,2174.6,2156.91,2174.01,10784,14,0
2025-06-27 00:00:00,2174.05,2177.75,2169.55,2171.19,3150,22,0
2025-06-27 04:00:00,2171.09,2175.9,2169.8,2174.9,1683,22,0
2025-06-27 08:00:00,2174.8,2183.69,2174.8,2179.69,3817,22,0
2025-06-27 12:00:00,2179.69,2184.28,2176.45,2177.07,4557,22,0
2025-06-27 16:00:00,2177.07,2192.34,2170.51,2186.64,23445,14,0
2025-06-27 20:00:00,2186.64,2186.94,2158.82,2174.94,24414,14,0
2025-06-30 00:00:00,2175.47,2185.02,2175.27,2180.62,3013,22,0
2025-06-30 04:00:00,2180.52,2186.31,2178.82,2184.82,2249,22,0
2025-06-30 08:00:00,2184.62,2188.21,2183.02,2183.11,4185,22,0
2025-06-30 12:00:00,2183.11,2186.12,2180.72,2184.01,3651,22,0
2025-06-30 16:00:00,2184.01,2186.96,2172.26,2176.16,24518,14,0
2025-06-30 20:00:00,2176.16,2181.76,2170.84,2172.96,17637,14,0
2025-07-01 00:00:00,2172.16,2177.61,2170.66,2176.81,2130,22,0
2025-07-01 04:00:00,2176.91,2177.61,2171.81,2172.01,2281,22,0
2025-07-01 08:00:00,2172.11,2175.6,2168.99,2173.2,4630,22,0
2025-07-01 12:00:00,2173.3,2173.71,2160.96,2162.99,5671,22,0
2025-07-01 16:00:00,2162.99,2223.02,2158.42,2200.02,36209,14,0
2025-07-01 20:00:00,2200.12,2215.54,2195.73,2198.45,20787,14,0
2025-07-02 00:00:00,2198.45,2205.0,2197.55,2204.9,2204,22,0
2025-07-02 04:00:00,2204.9,2212.3,2200.19,2211.19,2774,22,0
2025-07-02 08:00:00,2211.19,2225.15,2207.3,2210.18,6449,22,0
2025-07-02 12:00:00,2209.98,2219.48,2198.15,2199.55,7907,22,0
2025-07-02 16:00:00,2199.55,2220.74,2192.41,2217.64,32097,14,0
2025-07-02 20:00:00,2217.64,2232.34,2212.34,2230.84,14924,14,0
2025-07-03 00:00:00,2230.64,2236.08,2228.99,2233.49,1672,22,0
2025-07-03 04:00:00,2233.49,2239.88,2229.69,2238.19,3095,22,0
2025-07-03 08:00:00,2238.09,2240.98,2235.09,2238.19,3868,22,0
2025-07-03 12:00:00,2238.19,2260.64,2234.14,2235.24,8154,22,0
2025-07-03 16:00:00,2235.24,2248.97,2234.4,2246.65,27229,14,0
2025-07-03 20:00:00,2246.55,2248.94,2244.47,2244.57,1079,14,0
2025-07-04 00:00:00,2242.27,2244.32,2238.12,2239.12,2380,22,0
2025-07-04 04:00:00,2239.22,2243.12,2236.92,2238.02,2339,22,0
2025-07-04 08:00:00,2238.02,2239.12,2223.09,2225.2,4920,22,0
2025-07-04 12:00:00,2225.1,2229.12,2219.69,2221.7,6044,22,0
2025-07-04 16:00:00,2221.7,2227.16,2218.46,2222.06,7294,14,0
2025-07-07 00:00:00,2234.46,2242.06,2232.29,2235.81,3282,22,0
2025-07-07 04:00:00,2235.81,2236.41,2229.89,2231.51,3296,22,0
2025-07-07 08:00:00,2231.41,2236.4,2228.41,2234.11,4545,22,0
2025-07-07 12:00:00,2234.11,2240.01,2232.26,2232.56,4307,22,0
2025-07-07 16:00:00,2232.56,2244.24,2208.22,2210.14,35091,14,0
2025-07-07 20:00:00,2210.24,2221.82,2198.52,2208.75,23639,14,0
2025-07-08 00:00:00,2208.26,2218.81,2202.78,2217.5,3186,22,0
2025-07-08 04:00:00,2217.4,2219.41,2215.21,2217.61,2053,22,0
2025-07-08 08:00:00,2217.71,2223.61,2217.01,2220.11,4244,22,0
2025-07-08 12:00:00,2220.01,2223.71,2215.4,2221.19,4888,22,0
2025-07-08 16:00:00,2221.19,2238.65,2218.93,2232.23,31819,14,0
2025-07-08 20:00:00,2232.23,2236.05,2226.65,2229.35,18590,14,0
2025-07-09 00:00:00,2229.48,2231.48,2219.93,2220.52,2033,22,0
2025-07-09 04:00:00,2220.52,2224.03,2217.51,2222.83,2515,22,0
2025-07-09 08:00:00,2222.83,2229.5,2220.03,2225.23,4010,22,0
2025-07-09 12:00:00,2225.43,2235.61,2225.33,2233.0,4988,22,0
2025-07-09 16:00:00,2233.0,2247.36,2228.06,2240.27,29509,14,0
2025-07-09 20:00:00,2240.27,2256.07,2239.37,2253.97,14358,14,0
2025-07-10 00:00:00,2252.84,2257.39,2248.14,2249.38,2108,22,0
2025-07-10 04:00:00,2249.38,2250.59,2245.89,2246.79,2531,22,0
2025-07-10 08:00:00,2246.89,2251.89,2246.18,2251.29,3451,22,0
2025-07-10 12:00:00,2251.39,2260.34,2249.66,2250.37,4611,22,0
2025-07-10 16:00:00,2250.37,2271.13,2246.0,2268.03,24891,14,0
2025-07-10 20:00:00,2268.03,2276.63,2262.42,2263.53,12336,14,0
2025-07-11 00:00:00,2264.33,2268.68,2245.83,2248.53,4726,22,0
2025-07-11 04:00:00,2248.73,2257.28,2246.63,2255.58,3146,22,0
2025-07-11 08:00:00,2255.48,2256.08,2242.83,2246.07,6335,22,0
2025-07-11 12:00:00,2246.17,2247.56,2235.33,2245.86,7349,22,0
2025-07-11 16:00:00,2245.86,2250.41,2232.11,2240.02,28765,14,0
2025-07-11 20:00:00,2239.92,2242.42,2228.32,2229.02,17095,14,0
2025-07-14 00:00:00,2217.76,2221.5,2213.76,2217.21,3946,22,0
2025-07-14 04:00:00,2217.11,2219.11,2216.31,2217.51,1790,22,0
2025-07-14 08:00:00,2217.41,2223.7,2210.36,2223.3,4300,22,0
2025-07-14 12:00:00,2223.4,2227.2,2220.99,2222.69,3928,22,0
2025-07-14 16:00:00,2222.69,2244.48,2220.75,2243.68,28733,14,0
2025-07-14 20:00:00,2243.58,2249.88,2241.38,2247.38,12781,14,0
2025-07-15 00:00:00,2246.59,2247.24,2243.34,2245.84,1874,22,0
2025-07-15 04:00:00,2245.94,2257.79,2242.53,2248.71,5312,22,0
2025-07-15 08:00:00,2248.71,2253.04,2248.34,2250.04,5400,22,0
2025-07-15 12:00:00,2250.04,2258.69,2244.61,2252.3,7560,22,0
2025-07-15 16:00:00,2252.2,2259.78,2214.76,2214.86,40355,14,0
2025-07-15 20:00:00,2214.96,2223.48,2198.68,2199.28,23332,14,0
2025-07-16 00:00:00,2200.03,2201.98,2195.26,2201.47,2727,22,0
2025-07-16 04:00:00,2201.47,2203.08,2199.88,2200.67,2203,22,0
2025-07-16 08:00:00,2200.77,2206.96,2191.83,2206.07,5614,22,0
2025-07-16 12:00:00,2206.17,2225.63,2203.76,2217.43,6399,22,0
2025-07-16 16:00:00,2217.43,2223.54,2185.92,2218.35,46334,14,0
2025-07-16 20:00:00,2218.35,2231.05,2215.95,2225.85,17570,14,0
2025-07-17 00:00:00,2225.4,2225.75,2222.25,2225.35,2121,22,0
2025-07-17 04:00:00,2225.35,2225.85,2220.45,2222.35,2446,22,0
2025-07-17 08:00:00,2222.35,2229.13,2221.15,2222.74,6026,22,0
2025-07-17 12:00:00,2222.94,2229.61,2216.24,2228.21,5590,22,0
2025-07-17 16:00:00,2228.21,2257.39,2224.38,2249.39,31757,14,0
2025-07-17 20:00:00,2249.29,2259.79,2245.68,2257.09,16127,14,0
2025-07-18 00:00:00,2255.81,2264.66,2255.31,2261.76,1854,22,0
2025-07-18 04:00:00,2261.66,2263.36,2259.86,2261.76,1733,22,0
2025-07-18 08:00:00,2261.76,2265.76,2256.96,2257.26,3639,22,0
2025-07-18 12:00:00,2257.36,2270.81,2254.04,2268.92,5869,22,0
2025-07-18 16:00:00,2268.92,2272.2,2237.19,2238.09,35656,14,0
2025-07-18 20:00:00,2238.19,2243.5,2236.59,2239.1,18912,14,0
2025-07-21 00:00:00,2239.16,2246.8,2237.69,2245.41,2394,22,0
2025-07-21 04:00:00,2245.41,2246.41,2242.31,2244.71,1277,22,0
2025-07-21 08:00:00,2244.61,2256.81,2243.11,2254.41,2783,22,0
2025-07-21 12:00:00,2254.41,2257.4,2251.4,2253.19,3664,22,0
2025-07-21 16:00:00,2253.19,2261.55,2243.84,2247.15,26614,14,0
2025-07-21 20:00:00,2247.25,2250.85,2229.65,2236.05,16120,14,0
2025-07-22 00:00:00,2235.83,2238.68,2235.27,2237.28,1617,22,0
2025-07-22 04:00:00,2237.28,2237.88,2230.18,2230.58,1732,22,0
2025-07-22 08:00:00,2230.58,2232.88,2227.25,2229.06,4274,22,0
2025-07-22 12:00:00,2229.06,2237.27,2225.57,2235.58,5145,22,0
2025-07-22 16:00:00,2235.58,2247.52,2223.39,2242.52,35444,14,0
2025-07-22 20:00:00,2242.42,2255.52,2241.22,2253.52,15364,14,0
2025-07-23 00:00:00,2252.89,2263.39,2251.74,2255.03,4554,22,0
2025-07-23 04:00:00,2254.93,2263.64,2253.73,2263.24,3308,22,0
2025-07-23 08:00:00,2263.04,2272.63,2259.6,2272.12,4822,22,0
2025-07-23 12:00:00,2272.12,2277.93,2264.1,2265.54,5170,22,0
2025-07-23 16:00:00,2265.54,2279.27,2258.25,2273.08,31791,14,0
2025-07-23 20:00:00,2273.08,2285.87,2266.25,2281.78,17906,14,0
2025-07-24 00:00:00,2280.38,2282.49,2278.82,2279.23,2217,22,0
2025-07-24 04:00:00,2279.23,2281.53,2278.53,2279.53,1953,22,0
2025-07-24 08:00:00,2279.53,2281.13,2272.41,2277.93,3896,22,0
2025-07-24 12:00:00,2277.93,2281.41,2273.72,2274.61,5189,22,0
2025-07-24 16:00:00,2274.61,2276.35,2256.04,2257.94,29746,14,0
2025-07-24 20:00:00,2257.84,2264.14,2252.33,2257.24,15218,14,0
2025-07-25 00:00:00,2256.96,2262.21,2255.96,2261.91,1682,22,0
2025-07-25 04:00:00,2261.91,2265.71,2258.71,2259.11,1536,22,0
2025-07-25 08:00:00,2259.11,2261.11,2253.49,2257.11,4616,22,0
2025-07-25 12:00:00,2257.01,2263.19,2254.91,2260.61,4712,22,0
2025-07-25 16:00:00,2260.61,2264.05,2241.93,2255.05,26831,14,0
2025-07-25 20:00:00,2255.05,2262.95,2254.45,2262.15,10891,14,0
2025-07-28 00:00:00,2275.38,2279.83,2272.51,2279.63,2739,22,0
2025-07-28 04:00:00,2279.53,2280.13,2276.33,2279.33,1346,22,0
2025-07-28 08:00:00,2279.33,2283.62,2273.02,2275.13,3573,22,0
2025-07-28 12:00:00,2275.13,2276.91,2267.21,2276.91,4525,22,0
2025-07-28 16:00:00,2276.91,2277.27,2254.02,2259.13,24950,14,0
2025-07-28 20:00:00,2259.03,2262.02,2251.82,2259.83,12391,14,0
2025-07-29 00:00:00,2260.12,2261.77,2257.87,2260.47,1358,22,0
2025-07-29 04:00:00,2260.47,2263.77,2259.97,2263.27,1425,22,0
2025-07-29 08:00:00,2263.27,2268.26,2261.87,2266.07,2340,22,0
2025-07-29 12:00:00,2266.17,2274.84,2265.95,2272.36,3657,22,0
2025-07-29 16:00:00,2272.36,2275.81,2238.4,2248.61,30136,14,0
2025-07-29 20:00:00,2248.61,2252.71,2241.51,2246.71,15749,14,0
2025-07-30 00:00:00,2246.4,2252.95,2246.25,2252.15,1529,22,0
2025-07-30 04:00:00,2252.25,2253.85,2249.45,2253.15,1519,22,0
2025-07-30 08:00:00,2253.15,2254.05,2248.14,2251.45,3427,22,0
2025-07-30 12:00:00,2251.45,2257.33,2249.8,2255.22,4686,22,0
2025-07-30 16:00:00,2255.22,2264.19,2250.56,2262.69,23204,14,0
2025-07-30 20:00:00,2262.69,2265.99,2215.99,2216.69,33700,14,0
2025-07-31 00:00:00,2216.65,2220.6,2214.19,2218.6,3555,22,0
2025-07-31 04:00:00,2218.7,2226.7,2217.7,2225.8,2282,22,0
2025-07-31 08:00:00,2225.6,2231.18,2220.95,2228.19,5018,22,0
2025-07-31 12:00:00,2228.29,2229.65,2216.65,2220.15,7033,22,0
2025-07-31 16:00:00,2220.15,2237.01,2214.31,2229.53,37721,14,0
2025-07-31 20:00:00,2229.43,2229.63,2205.21,2208.73,35958,14,0
2025-08-01 00:00:00,2212.48,2214.98,2201.18,2207.28,5695,23,0
2025-08-01 04:00:00,2207.18,2214.41,2206.78,2210.23,4036,22,0
2025-08-01 08:00:00,2210.23,2211.3,2175.98,2179.48,12705,24,0
2025-08-01 12:00:00,2179.38,2184.88,2156.28,2170.38,16556,30,0
2025-08-01 16:00:00,2170.38,2181.04,2138.34,2164.14,57857,19,0
2025-08-01 20:00:00,2164.14,2173.95,2156.34,2168.17,36818,14,0
2025-08-04 00:00:00,2166.02,2171.42,2159.02,2169.82,6536,30,0
2025-08-04 04:00:00,2169.92,2174.55,2167.22,2171.87,4495,22,0
2025-08-04 08:00:00,2171.87,2186.43,2169.42,2185.12,8108,22,0
2025-08-04 12:00:00,2185.02,2186.62,2175.83,2178.83,6486,22,0
2025-08-04 16:00:00,2178.83,2205.61,2176.49,2201.5,30614,14,0
2025-08-04 20:00:00,2201.5,2220.01,2199.6,2219.91,14932,14,0
2025-08-05 00:00:00,2220.19,2223.69,2215.11,2219.79,3246,22,0
2025-08-05 04:00:00,2219.89,2221.89,2216.24,2218.94,2987,22,0
2025-08-05 08:00:00,2219.04,2222.42,2213.39,2215.41,5591,22,0
2025-08-05 12:00:00,2215.51,2227.99,2214.9,2221.19,6956,22,0
2025-08-05 16:00:00,2221.19,2228.45,2198.77,2219.08,40987,14,0
2025-08-05 20:00:00,2219.18,2227.9,2215.78,2226.39,22439,14,0
2025-08-06 00:00:00,2227.76,2228.96,2222.56,2226.27,3643,22,0
2025-08-06 04:00:00,2226.37,2237.1,2224.98,2236.71,3560,22,0
2025-08-06 08:00:00,2236.71,2244.77,2234.36,2234.76,6276,22,0
2025-08-06 12:00:00,2234.66,2236.06,2223.16,2225.06,8949,22,0
2025-08-06 16:00:00,2225.06,2229.35,2210.22,2219.24,37301,14,0
2025-08-06 20:00:00,2219.14,2225.34,2217.23,2223.15,15762,14,0
2025-08-07 00:00:00,2220.65,2228.59,2216.85,2227.67,4135,23,0
2025-08-07 04:00:00,2227.57,2231.98,2223.1,2224.6,2729,22,0
2025-08-07 08:00:00,2224.5,2237.25,2222.35,2236.65,6060,22,0
2025-08-07 12:00:00,2236.55,2247.65,2235.25,2243.85,8079,24,0
2025-08-07 16:00:00,2243.85,2246.73,2203.61,2209.12,41795,14,0
2025-08-07 20:00:00,2209.12,2222.54,2201.41,2222.44,27671,14,0
2025-08-08 00:00:00,2221.13,2230.18,2220.33,2228.76,3006,22,0
2025-08-08 04:00:00,2228.76,2229.98,2225.53,2225.87,2566,22,0
2025-08-08 08:00:00,2225.87,2226.38,2219.34,2223.48,5843,23,0
2025-08-08 12:00:00,2223.58,2232.23,2222.64,2227.13,5135,22,0
2025-08-08 16:00:00,2227.13,2231.53,2212.84,2218.85,31537,14,0
2025-08-08 20:00:00,2218.85,2227.06,2214.84,2227.06,13445,14,0
2025-08-11 00:00:00,2225.28,2229.38,2223.19,2226.33,2650,22,0
2025-08-11 04:00:00,2226.23,2231.18,2225.92,2226.93,2483,22,0
2025-08-11 08:00:00,2227.03,2231.53,2223.98,2227.59,4752,22,0
2025-08-11 12:00:00,2227.59,2229.53,2223.88,2225.23,3590,22,0
2025-08-11 16:00:00,2225.23,2233.04,2215.66,2219.76,28457,14,0
2025-08-11 20:00:00,2219.86,2221.06,2213.95,2218.87,16653,14,0
2025-08-12 00:00:00,2218.78,2223.4,2216.71,2221.53,2644,22,0
2025-08-12 04:00:00,2221.53,2226.33,2220.12,2226.23,2142,22,0
2025-08-12 08:00:00,2226.13,2227.48,2218.38,2223.42,5507,22,0
2025-08-12 12:00:00,2223.42,2253.88,2218.61,2242.28,8186,22,0
2025-08-12 16:00:00,2242.18,2268.87,2227.54,2268.37,35985,14,0
2025-08-12 20:00:00,2268.37,2287.37,2267.36,2286.77,11829,14,0
2025-08-13 00:00:00,2285.2,2292.8,2284.3,2289.05,2740,22,0
2025-08-13 04:00:00,2288.95,2294.84,2285.92,2293.55,2262,22,0
2025-08-13 08:00:00,2293.55,2300.0,2288.55,2297.23,4299,22,0
2025-08-13 12:00:00,2297.23,2304.7,2296.3,2302.42,5547,22,0
2025-08-13 16:00:00,2302.42,2315.58,2295.16,2314.18,31637,14,0
2025-08-13 20:00:00,2314.18,2329.88,2310.68,2324.99,15952,14,0
2025-08-14 00:00:00,2324.53,2328.08,2322.83,2325.85,1995,22,0
2025-08-14 04:00:00,2325.85,2329.08,2324.77,2328.78,2010,22,0
2025-08-14 08:00:00,2328.58,2328.98,2320.63,2324.36,3779,22,0
2025-08-14 12:00:00,2324.16,2325.43,2288.73,2297.03,7755,22,0
2025-08-14 16:00:00,2297.03,2303.19,2276.3,2283.61,37562,16,0
2025-08-14 20:00:00,2283.51,2301.3,2283.11,2298.72,16542,14,0
2025-08-15 00:00:00,2297.59,2302.01,2296.49,2300.04,1997,22,0
2025-08-15 04:00:00,2299.94,2309.64,2299.74,2308.94,2228,22,0
2025-08-15 08:00:00,2308.94,2311.02,2300.89,2301.31,4034,22,0
2025-08-15 12:00:00,2301.41,2304.89,2296.79,2303.99,5426,22,0
2025-08-15 16:00:00,2303.99,2306.08,2273.55,2286.58,31103,14,0
2025-08-15 20:00:00,2286.58,2291.18,2282.27,2283.28,13851,14,0
2025-08-18 00:00:00,2283.81,2291.55,2283.81,2290.76,2051,22,0
2025-08-18 04:00:00,2290.76,2292.56,2290.06,2290.16,1386,22,0
2025-08-18 08:00:00,2290.26,2290.96,2282.61,2287.52,4854,22,0
2025-08-18 12:00:00,2287.52,2288.16,2283.22,2286.96,4389,22,0
2025-08-18 16:00:00,2286.96,2295.7,2283.17,2292.6,24290,14,0
2025-08-18 20:00:00,2292.6,2298.7,2292.3,2293.8,10298,14,0
2025-08-19 00:00:00,2293.64,2298.24,2290.47,2292.19,2347,22,0
2025-08-19 04:00:00,2292.19,2294.18,2286.69,2287.69,2269,22,0
2025-08-19 08:00:00,2287.59,2290.79,2284.69,2289.79,3113,22,0
2025-08-19 12:00:00,2289.89,2293.36,2288.24,2292.85,3967,22,0
2025-08-19 16:00:00,2292.85,2303.9,2274.71,2277.12,33095,14,0
2025-08-19 20:00:00,2277.12,2278.13,2270.62,2278.13,16173,14,0
2025-08-20 00:00:00,2278.6,2279.5,2271.23,2272.13,3837,22,0
2025-08-20 04:00:00,2272.03,2273.51,2265.03,2268.55,5005,22,0
2025-08-20 08:00:00,2268.55,2274.11,2266.6,2272.45,5376,22,0
2025-08-20 12:00:00,2272.55,2277.93,2271.52,2273.64,4399,22,0
2025-08-20 16:00:00,2273.64,2277.46,2251.19,2262.1,38933,14,0
2025-08-20 20:00:00,2262.1,2273.09,2256.49,2269.81,22326,14,0
2025-08-21 00:00:00,2269.71,2271.61,2264.24,2266.46,3004,22,0
2025-08-21 04:00:00,2266.26,2270.96,2264.71,2266.46,2907,22,0
2025-08-21 08:00:00,2266.46,2270.06,2258.81,2258.91,4875,22,0
2025-08-21 12:00:00,2259.11,2261.81,2252.41,2254.11,6784,22,0
2025-08-21 16:00:00,2254.11,2274.42,2251.67,2265.22,34589,14,0
2025-08-21 20:00:00,2265.32,2277.93,2261.52,2276.64,18845,14,0
2025-08-22 00:00:00,2277.54,2281.84,2275.84,2278.89,3180,22,0
2025-08-22 04:00:00,2278.99,2281.99,2276.49,2277.19,3080,22,0
2025-08-22 08:00:00,2277.29,2285.39,2268.74,2285.29,5671,22,0
2025-08-22 12:00:00,2285.29,2287.69,2283.44,2284.54,4890,22,0
2025-08-22 16:00:00,2284.54,2368.9,2283.83,2359.91,48181,14,0
2025-08-22 20:00:00,2359.81,2368.2,2357.52,2364.43,20304,14,0
2025-08-25 00:00:00,2367.06,2367.76,2361.47,2365.41,3641,22,0
2025-08-25 04:00:00,2365.51,2365.81,2360.71,2364.81,2198,22,0
2025-08-25 08:00:00,2364.71,2368.21,2362.96,2365.11,3759,22,0
2025-08-25 12:00:00,2365.11,2365.11,2351.36,2354.2,3891,22,0
2025-08-25 16:00:00,2354.2,2358.43,2347.65,2352.65,26608,14,0
2025-08-25 20:00:00,2352.55,2353.25,2337.83,2341.15,12369,14,0
2025-08-26 00:00:00,2341.4,2346.3,2326.1,2331.7,5834,22,0
2025-08-26 04:00:00,2331.7,2338.12,2330.9,2335.94,4112,22,0
2025-08-26 08:00:00,2335.94,2339.73,2326.9,2333.0,8024,22,0
2025-08-26 12:00:00,2333.1,2344.3,2331.91,2344.2,5625,22,0
2025-08-26 16:00:00,2344.1,2363.59,2340.96,2362.09,28097,14,0
2025-08-26 20:00:00,2362.09,2364.08,2355.18,2360.49,12558,14,0
2025-08-27 00:00:00,2360.41,2362.41,2358.26,2358.66,1621,22,0
2025-08-27 04:00:00,2358.76,2362.56,2358.76,2361.06,1569,22,0
2025-08-27 08:00:00,2360.96,2361.06,2354.44,2356.32,4434,22,0
2025-08-27 12:00:00,2356.32,2359.44,2351.81,2354.01,4801,22,0
2025-08-27 16:00:00,2354.01,2374.37,2350.79,2371.72,28525,14,0
2025-08-27 20:00:00,2371.72,2376.92,2363.49,2376.82,18232,14,0
2025-08-28 00:00:00,2375.21,2377.14,2370.96,2376.74,3320,22,0
2025-08-28 04:00:00,2376.84,2383.64,2375.86,2381.36,2177,22,0
2025-08-28 08:00:00,2381.36,2392.13,2379.15,2391.85,4440,22,0
2025-08-28 12:00:00,2391.75,2392.85,2380.51,2384.71,5866,22,0
2025-08-28 16:00:00,2384.71,2386.89,2367.58,2373.89,32652,14,0
2025-08-28 20:00:00,2373.99,2381.38,2370.98,2377.5,12452,14,0
2025-08-29 00:00:00,2377.86,2379.71,2375.81,2377.21,1974,22,0
2025-08-29 04:00:00,2377.31,2378.11,2375.41,2375.81,1520,22,0
2025-08-29 08:00:00,2375.91,2376.91,2367.37,2367.38,3668,22,0
2025-08-29 12:00:00,2367.38,2378.36,2366.06,2374.46,5956,22,0
2025-08-29 16:00:00,2374.46,2384.63,2356.32,2364.75,34879,14,0
2025-08-29 20:00:00,2364.65,2366.22,2356.54,2365.95,15345,14,0
2025-09-01 00:00:00,2368.38,2371.42,2365.78,2370.23,2500,22,0
2025-09-01 04:00:00,2370.33,2371.03,2360.09,2361.93,4213,22,0
2025-09-01 08:00:00,2361.93,2368.83,2357.7,2367.33,5505,22,0
2025-09-01 12:00:00,2367.33,2367.33,2358.53,2360.2,3085,22,0
2025-09-01 16:00:00,2360.2,2368.07,2356.96,2365.67,3939,14,0
2025-09-02 00:00:00,2365.6,2367.3,2358.7,2364.65,3490,22,0
2025-09-02 04:00:00,2364.55,2366.95,2359.84,2363.35,3334,22,0
2025-09-02 08:00:00,2363.45,2363.54,2336.6,2347.21,11477,22,0
2025-09-02 12:00:00,2347.31,2349.61,2321.3,2326.1,11722,25,0
2025-09-02 16:00:00,2326.1,2356.56,2324.96,2339.48,42435,15,0
2025-09-02 20:00:00,2339.38,2354.07,2338.57,2347.89,21300,14,0
2025-09-03 00:00:00,2347.48,2348.28,2340.91,2342.13,2674,22,0
2025-09-03 04:00:00,2342.13,2342.13,2335.91,2337.13,3054,22,0
2025-09-03 08:00:00,2337.13,2348.18,2333.51,2346.83,6071,22,0
2025-09-03 12:00:00,2346.93,2350.7,2343.78,2344.49,6022,22,0
2025-09-03 16:00:00,2344.49,2365.25,2342.25,2345.16,38412,14,0
2025-09-03 20:00:00,2345.06,2354.47,2337.15,2353.27,22232,14,0
2025-09-04 00:00:00,2351.26,2358.46,2350.01,2357.2,3089,22,0
2025-09-04 04:00:00,2357.1,2358.98,2352.51,2356.31,3889,22,0
2025-09-04 08:00:00,2356.21,2357.48,2349.86,2350.9,6786,22,0
2025-09-04 12:00:00,2350.9,2358.26,2350.4,2355.16,6717,22,0
2025-09-04 16:00:00,2355.16,2363.54,2348.32,2358.65,31774,14,0
2025-09-04 20:00:00,2358.65,2380.55,2358.35,2378.55,12204,14,0
2025-09-05 00:00:00,2377.48,2379.41,2376.68,2377.83,2054,22,0
2025-09-05 04:00:00,2377.93,2379.83,2377.13,2378.43,1802,22,0
2025-09-05 08:00:00,2378.43,2383.73,2377.93,2381.23,3910,22,0
2025-09-05 12:00:00,2381.33,2397.78,2363.98,2389.18,9778,22,0
2025-09-05 16:00:00,2389.18,2409.04,2361.64,2385.05,55470,16,0
2025-09-05 20:00:00,2384.75,2391.26,2373.75,2389.87,26224,14,0
2025-09-08 00:00:00,2389.15,2394.77,2384.65,2390.9,4682,22,0
2025-09-08 04:00:00,2390.9,2393.6,2388.46,2390.2,2763,22,0
2025-09-08 08:00:00,2390.2,2397.36,2389.79,2392.2,4184,22,0
2025-09-08 12:00:00,2392.3,2398.58,2390.79,2397.45,4074,22,0
2025-09-08 16:00:00,2397.45,2401.24,2378.44,2390.27,30797,14,0
2025-09-08 20:00:00,2390.17,2398.57,2386.66,2397.47,14432,14,0
2025-09-09 00:00:00,2397.06,2401.41,2396.51,2396.61,1530,22,0
2025-09-09 04:00:00,2396.51,2400.81,2394.21,2399.21,1635,22,0
2025-09-09 08:00:00,2399.11,2403.79,2395.6,2396.2,4487,22,0
2025-09-09 12:00:00,2396.2,2399.01,2394.69,2395.38,3722,22,0
2025-09-09 16:00:00,2395.38,2396.15,2368.92,2376.24,33940,14,0
2025-09-09 20:00:00,2376.14,2386.25,2374.44,2378.15,13217,14,0
2025-09-10 00:00:00,2377.57,2378.97,2372.6,2374.81,2770,22,0
2025-09-10 04:00:00,2374.71,2380.22,2373.72,2380.12,1847,22,0
2025-09-10 08:00:00,2380.12,2382.01,2374.27,2375.7,3404,22,0
2025-09-10 12:00:00,2375.7,2399.17,2373.68,2391.57,7500,22,0
2025-09-10 16:00:00,2391.67,2397.23,2375.65,2381.26,34771,14,0
2025-09-10 20:00:00,2381.26,2385.33,2367.95,2375.66,16530,14,0
2025-09-11 00:00:00,2374.82,2380.75,2374.32,2377.97,2199,22,0
2025-09-11 04:00:00,2377.87,2380.27,2376.97,2377.17,1858,22,0
2025-09-11 08:00:00,2377.27,2381.37,2370.87,2371.07,3956,22,0
2025-09-11 12:00:00,2371.17,2391.12,2369.72,2388.32,8511,22,0
2025-09-11 16:00:00,2388.42,2414.8,2375.78,2414.7,31906,15,0
2025-09-11 20:00:00,2414.7,2422.69,2410.7,2417.81,14485,14,0
2025-09-12 00:00:00,2416.31,2417.26,2414.96,2415.46,1948,22,0
2025-09-12 04:00:00,2415.56,2415.66,2412.26,2414.36,2219,22,0
2025-09-12 08:00:00,2414.46,2416.46,2407.41,2410.54,5634,22,0
2025-09-12 12:00:00,2410.54,2413.26,2408.14,2413.06,5003,22,0
2025-09-12 16:00:00,2413.06,2415.97,2398.6,2402.9,25606,14,0
2025-09-12 20:00:00,2402.9,2409.0,2394.89,2397.2,11464,14,0
2025-09-15 00:00:00,2399.79,2400.44,2396.14,2397.74,1580,22,0
2025-09-15 04:00:00,2397.74,2399.64,2397.54,2398.94,1188,22,0
2025-09-15 08:00:00,2398.94,2406.44,2397.54,2405.04,4966,22,0
2025-09-15 12:00:00,2404.94,2407.4,2402.33,2406.4,5069,22,0
2025-09-15 16:00:00,2406.4,2412.86,2398.16,2405.57,30464,14,0
2025-09-15 20:00:00,2405.47,2411.18,2400.77,2402.78,20693,14,0
2025-09-16 00:00:00,2403.56,2406.71,2399.79,2405.91,1875,22,0
2025-09-16 04:00:00,2406.01,2409.51,2405.11,2408.81,1620,22,0
2025-09-16 08:00:00,2408.81,2413.8,2405.46,2412.29,3843,22,0
2025-09-16 12:00:00,2412.39,2412.7,2404.16,2406.06,4236,22,0
2025-09-16 16:00:00,2406.06,2409.32,2386.83,2395.53,30964,14,0
2025-09-16 20:00:00,2395.33,2407.75,2394.34,2404.95,14512,14,0
2025-09-17 00:00:00,2405.42,2406.47,2403.42,2404.67,1617,22,0
2025-09-17 04:00:00,2404.57,2405.47,2400.37,2402.57,1479,22,0
2025-09-17 08:00:00,2402.67,2406.57,2400.97,2403.15,3869,22,0
2025-09-17 12:00:00,2403.15,2411.26,2399.56,2411.16,3871,22,0
2025-09-17 16:00:00,2411.16,2430.6,2406.48,2417.19,32173,14,0
2025-09-17 20:00:00,2417.19,2462.48,2389.38,2410.31,51794,14,0
2025-09-18 00:00:00,2410.38,2420.23,2410.08,2415.63,2742,22,0
2025-09-18 04:00:00,2415.73,2425.6,2415.53,2424.53,2576,22,0
2025-09-18 08:00:00,2424.53,2444.38,2414.58,2444.08,5099,22,0
2025-09-18 12:00:00,2444.08,2448.78,2427.68,2427.88,6437,22,0
2025-09-18 16:00:00,2427.58,2467.07,2420.84,2466.66,41569,15,0
2025-09-18 20:00:00,2466.56,2472.14,2460.36,2471.17,20861,14,0
2025-09-19 00:00:00,2471.75,2480.27,2471.39,2473.99,2933,22,0
2025-09-19 04:00:00,2473.89,2479.1,2471.66,2474.8,3837,22,0
2025-09-19 08:00:00,2474.9,2475.8,2461.85,2468.25,6329,22,0
2025-09-19 12:00:00,2468.25,2475.65,2464.25,2474.15,6140,22,0
2025-09-19 16:00:00,2474.15,2480.03,2448.12,2455.34,34534,14,0
2025-09-19 20:00:00,2455.34,2456.84,2444.73,2453.04,16694,14,0
2025-09-22 00:00:00,2451.73,2452.47,2444.64,2445.53,2541,22,0
2025-09-22 04:00:00,2445.53,2451.58,2445.23,2448.88,2427,22,0
2025-09-22 08:00:00,2448.88,2451.77,2439.33,2448.04,5370,22,0
2025-09-22 12:00:00,2448.04,2448.54,2441.13,2443.86,4649,22,0
2025-09-22 16:00:00,2443.86,2457.71,2430.89,2455.7,31454,14,0
2025-09-22 20:00:00,2455.7,2469.1,2454.31,2464.22,14188,14,0
2025-09-23 00:00:00,2464.41,2467.56,2462.56,2464.16,1542,22,0
2025-09-23 04:00:00,2464.16,2465.36,2460.36,2460.86,1739,22,0
2025-09-23 08:00:00,2460.76,2465.66,2456.71,2465.35,4623,22,0
2025-09-23 12:00:00,2465.45,2470.83,2462.92,2469.44,3504,22,0
2025-09-23 16:00:00,2469.44,2493.07,2468.3,2480.58,34983,14,0
2025-09-23 20:00:00,2480.58,2481.58,2455.28,2459.5,30231,14,0
2025-09-24 00:00:00,2460.29,2463.44,2456.99,2460.54,2150,22,0
2025-09-24 04:00:00,2460.54,2462.54,2456.64,2462.34,2748,22,0
2025-09-24 08:00:00,2462.34,2465.94,2456.49,2462.04,4677,22,0
2025-09-24 12:00:00,2462.04,2464.72,2459.03,2463.21,4561,22,0
2025-09-24 16:00:00,2463.21,2467.35,2434.2,2443.91,38228,14,0
2025-09-24 20:00:00,2444.11,2448.3,2434.9,2440.12,20004,14,0
2025-09-25 00:00:00,2439.44,2442.38,2437.29,2441.89,1977,22,0
2025-09-25 04:00:00,2441.79,2444.49,2440.09,2440.79,1925,22,0
2025-09-25 08:00:00,2440.79,2441.88,2429.94,2435.27,5025,22,0
2025-09-25 12:00:00,2435.07,2437.08,2404.54,2406.04,9590,22,0
2025-09-25 16:00:00,2406.04,2419.66,2393.5,2412.16,42061,16,0
2025-09-25 20:00:00,2412.16,2416.84,2397.25,2413.17,28561,14,0
2025-09-26 00:00:00,2412.04,2416.48,2410.57,2413.58,2612,22,0
2025-09-26 04:00:00,2413.48,2414.89,2407.29,2407.59,4272,22,0
2025-09-26 08:00:00,2407.69,2417.84,2407.38,2409.85,6572,22,0
2025-09-26 12:00:00,2409.85,2423.74,2403.67,2418.34,8823,22,0
2025-09-26 16:00:00,2418.34,2434.2,2410.8,2428.92,42217,14,0
2025-09-26 20:00:00,2428.62,2434.42,2425.92,2430.33,14795,14,0
2025-09-29 00:00:00,2432.4,2439.75,2431.5,2437.83,2769,22,0
2025-09-29 04:00:00,2437.93,2441.25,2435.31,2440.45,2635,22,0
2025-09-29 08:00:00,2440.45,2448.64,2439.45,2448.25,4539,22,0
2025-09-29 12:00:00,2448.35,2450.95,2444.91,2447.8,4479,22,0
2025-09-29 16:00:00,2447.8,2449.19,2427.98,2430.98,34518,14,0
2025-09-29 20:00:00,2431.08,2436.09,2425.78,2429.69,16451,14,0
2025-09-30 00:00:00,2430.29,2433.33,2428.29,2432.64,2613,22,0
2025-09-30 04:00:00,2432.64,2434.64,2428.43,2429.94,4311,22,0
2025-09-30 08:00:00,2429.84,2432.64,2422.29,2427.9,7975,22,0
2025-09-30 12:00:00,2427.7,2428.4,2420.49,2428.31,5663,22,0
2025-09-30 16:00:00,2428.31,2438.15,2413.02,2415.43,38750,14,0
2025-09-30 20:00:00,2415.43,2439.7,2411.62,2431.83,21404,14,0
2025-10-01 00:00:00,2432.23,2434.66,2424.86,2425.45,4122,22,0
2025-10-01 04:00:00,2425.45,2426.57,2418.17,2421.88,4798,22,0
2025-10-01 08:00:00,2421.98,2422.46,2407.53,2421.57,9620,22,0
2025-10-01 12:00:00,2421.47,2434.17,2421.17,2427.53,8812,22,0
2025-10-01 16:00:00,2427.53,2441.92,2423.3,2433.92,34020,14,0
2025-10-01 20:00:00,2433.92,2448.33,2431.12,2441.63,16129,14,0
2025-10-02 00:00:00,2441.12,2448.15,2440.72,2446.96,2162,22,0
2025-10-02 04:00:00,2447.06,2450.04,2443.66,2447.67,2500,22,0
2025-10-02 08:00:00,2447.57,2453.95,2443.62,2453.64,5381,22,0
2025-10-02 12:00:00,2453.64,2456.54,2448.04,2451.03,3884,22,0
2025-10-02 16:00:00,2451.03,2453.28,2431.88,2444.9,39534,14,0
2025-10-02 20:00:00,2444.8,2458.39,2442.41,2457.41,14743,14,0
2025-10-03 00:00:00,2457.2,2463.45,2456.15,2462.35,2194,22,0
2025-10-03 04:00:00,2462.25,2467.65,2461.15,2467.45,2995,22,0
2025-10-03 08:00:00,2467.35,2469.74,2463.81,2468.25,4235,22,0
2025-10-03 12:00:00,2468.35,2469.65,2463.01,2466.44,4309,22,0
2025-10-03 16:00:00,2466.44,2498.47,2464.29,2494.69,31736,14,0
2025-10-03 20:00:00,2494.69,2494.69,2469.66,2472.69,33657,14,0
2025-10-06 00:00:00,2478.11,2485.81,2476.51,2480.36,4052,22,0
2025-10-06 04:00:00,2480.46,2486.86,2479.26,2485.56,2673,22,0
2025-10-06 08:00:00,2485.66,2486.02,2477.61,2483.26,7154,22,0
2025-10-06 12:00:00,2483.36,2495.31,2482.86,2491.72,5786,22,0
2025-10-06 16:00:00,2491.72,2502.89,2478.07,2495.5,34313,14,0
2025-10-06 20:00:00,2495.4,2498.2,2484.3,2488.0,18691,14,0
2025-10-07 00:00:00,2487.13,2488.53,2477.05,2478.88,3018,22,0
2025-10-07 04:00:00,2478.98,2483.78,2477.86,2482.48,2576,22,0
2025-10-07 08:00:00,2482.28,2482.58,2475.94,2481.58,5169,22,0
2025-10-07 12:00:00,2481.58,2491.27,2481.48,2490.76,3356,22,0
2025-10-07 16:00:00,2490.76,2494.19,2450.21,2457.81,44956,14,0
2025-10-07 20:00:00,2457.91,2463.82,2452.21,2462.84,23699,14,0
2025-10-08 00:00:00,2462.71,2464.33,2455.96,2460.94,2485,22,0
2025-10-08 04:00:00,2460.94,2466.96,2460.84,2464.86,2755,22,0
2025-10-08 08:00:00,2464.86,2468.45,2460.51,2466.61,4526,22,0
2025-10-08 12:00:00,2466.71,2471.93,2465.72,2469.65,4316,22,0
2025-10-08 16:00:00,2469.65,2487.14,2456.27,2486.74,26585,14,0
2025-10-08 20:00:00,2486.74,2488.54,2475.93,2486.14,15279,14,0
2025-10-09 00:00:00,2486.08,2490.28,2485.88,2488.03,2352,22,0
2025-10-09 04:00:00,2488.03,2488.53,2480.52,2484.03,3488,22,0
2025-10-09 08:00:00,2484.03,2487.51,2477.68,2478.6,5291,22,0
2025-10-09 12:00:00,2478.6,2485.01,2477.52,2484.32,3706,22,0
2025-10-09 16:00:00,2484.32,2491.34,2464.85,2466.15,36178,14,0
2025-10-09 20:00:00,2465.75,2472.76,2458.45,2472.37,22455,14,0
2025-10-10 00:00:00,2473.32,2478.02,2471.85,2476.97,2274,22,0
2025-10-10 04:00:00,2477.07,2478.37,2472.37,2473.16,1782,22,0
2025-10-10 08:00:00,2473.16,2479.86,2470.82,2479.27,5458,22,0
2025-10-10 12:00:00,2479.27,2480.36,2471.72,2475.25,4422,22,0
2025-10-10 16:00:00,2475.25,2486.88,2412.65,2417.25,62220,14,0
2025-10-10 20:00:00,2417.15,2430.05,2367.45,2369.15,44844,14,0
2025-10-13 00:00:00,2425.68,2434.78,2415.48,2433.98,11011,32,0
2025-10-13 04:00:00,2434.08,2437.6,2430.48,2434.73,7390,22,0
2025-10-13 08:00:00,2434.73,2444.88,2431.78,2435.79,10561,22,0
2025-10-13 12:00:00,2435.69,2437.38,2424.08,2435.58,12974,24,0
2025-10-13 16:00:00,2435.58,2458.26,2431.44,2457.56,48563,15,0
2025-10-13 20:00:00,2457.56,2464.07,2451.55,2457.77,23286,14,0
2025-10-14 00:00:00,2460.48,2471.98,2456.8,2469.09,5354,22,0
2025-10-14 04:00:00,2468.89,2471.59,2446.88,2451.68,11927,22,0
2025-10-14 08:00:00,2451.58,2452.88,2429.08,2443.58,22423,32,0
2025-10-14 12:00:00,2443.48,2446.08,2420.38,2429.78,15451,30,0
2025-10-14 16:00:00,2429.78,2495.15,2420.54,2488.74,45869,14,0
2025-10-14 20:00:00,2488.64,2514.46,2486.34,2495.07,27973,14,0
2025-10-15 00:00:00,2497.69,2504.39,2496.79,2504.19,6278,22,0
2025-10-15 04:00:00,2503.99,2510.94,2499.79,2510.24,7075,22,0
2025-10-15 08:00:00,2510.34,2519.2,2508.29,2516.91,10334,22,0
2025-10-15 12:00:00,2516.81,2529.6,2516.4,2524.99,8662,22,0
2025-10-15 16:00:00,2524.99,2544.45,2504.65,2505.95,50413,14,0
2025-10-15 20:00:00,2506.05,2524.36,2486.85,2519.68,37764,14,0
2025-10-16 00:00:00,2519.3,2525.2,2515.2,2518.32,6076,22,0
2025-10-16 04:00:00,2518.22,2522.1,2515.4,2519.23,8294,22,0
2025-10-16 08:00:00,2519.23,2529.2,2517.1,2524.84,10491,22,0
2025-10-16 12:00:00,2524.84,2533.24,2524.43,2530.31,6621,22,0
2025-10-16 16:00:00,2530.31,2531.49,2473.96,2490.76,59890,14,0
2025-10-16 20:00:00,2490.56,2495.76,2456.56,2464.39,48800,14,0
2025-10-17 00:00:00,2465.72,2470.42,2456.22,2459.74,8048,28,0
2025-10-17 04:00:00,2459.74,2465.22,2450.42,2451.54,9685,22,0
2025-10-17 08:00:00,2451.64,2451.95,2416.42,2424.32,24957,27,0
2025-10-17 12:00:00,2424.22,2468.82,2423.22,2460.32,27110,32,0
2025-10-17 16:00:00,2460.32,2467.78,2430.78,2439.48,59386,17,0
2025-10-17 20:00:00,2439.58,2456.31,2434.48,2455.81,31229,14,0
2025-10-20 00:00:00,2461.59,2462.09,2447.79,2457.59,7504,23,0
2025-10-20 04:00:00,2457.69,2466.84,2456.79,2466.63,9357,22,0
2025-10-20 08:00:00,2466.53,2473.39,2464.69,2468.3,9284,22,0
2025-10-20 12:00:00,2468.2,2478.79,2464.29,2478.29,8490,23,0
2025-10-20 16:00:00,2478.19,2500.31,2477.99,2494.32,35548,14,0
2025-10-20 20:00:00,2494.32,2502.32,2494.12,2502.32,13101,14,0
2025-10-21 00:00:00,2502.74,2506.35,2502.14,2504.39,3353,22,0
2025-10-21 04:00:00,2504.29,2506.39,2497.84,2499.34,5317,22,0
2025-10-21 08:00:00,2499.44,2501.16,2491.48,2492.89,8097,22,0
2025-10-21 12:00:00,2492.89,2499.27,2492.27,2494.77,5784,22,0
2025-10-21 16:00:00,2494.77,2501.33,2472.4,2492.1,38885,14,0
2025-10-21 20:00:00,2492.2,2495.61,2482.63,2487.23,21792,14,0
2025-10-22 00:00:00,2486.25,2487.49,2479.79,2480.1,3950,22,0
2025-10-22 04:00:00,2480.0,2491.2,2479.07,2490.4,6491,22,0
2025-10-22 08:00:00,2490.3,2492.4,2483.37,2484.79,8428,22,0
2025-10-22 12:00:00,2484.69,2485.19,2473.35,2478.76,8180,22,0
2025-10-22 16:00:00,2478.76,2486.11,2426.01,2443.31,54418,14,0
2025-10-22 20:00:00,2443.11,2455.53,2424.61,2452.64,37061,14,0
2025-10-23 00:00:00,2452.33,2454.16,2443.23,2453.04,5244,22,0
2025-10-23 04:00:00,2452.94,2464.08,2452.54,2460.47,6231,22,0
2025-10-23 08:00:00,2460.47,2467.74,2458.64,2464.85,8357,22,0
2025-10-23 12:00:00,2464.85,2466.04,2451.53,2459.13,9098,23,0
2025-10-23 16:00:00,2459.03,2478.24,2454.31,2476.54,37523,14,0
2025-10-23 20:00:00,2476.54,2489.44,2468.91,2482.24,17360,14,0
2025-10-24 00:00:00,2484.57,2487.31,2483.67,2485.91,2657,22,0
2025-10-24 04:00:00,2485.81,2490.82,2485.6,2489.02,2559,22,0
2025-10-24 08:00:00,2489.02,2494.52,2483.87,2486.98,5106,22,0
2025-10-24 12:00:00,2486.98,2531.27,2486.41,2515.07,7656,22,0
2025-10-24 16:00:00,2515.07,2528.93,2507.13,2517.75,37742,14,0
2025-10-24 20:00:00,2517.65,2521.26,2509.06,2509.76,15317,14,0
2025-10-27 00:00:00,2543.91,2546.61,2534.11,2535.42,5733,23,0
2025-10-27 04:00:00,2535.52,2539.14,2531.85,2536.16,3535,22,0
2025-10-27 08:00:00,2536.16,2541.95,2535.56,2540.05,5041,22,0
2025-10-27 12:00:00,2540.05,2543.75,2534.64,2537.52,4248,22,0
2025-10-27 16:00:00,2537.52,2540.67,2513.5,2520.4,32077,14,0
2025-10-27 20:00:00,2520.4,2524.9,2513.6,2523.4,13139,14,0
2025-10-28 00:00:00,2522.3,2522.9,2518.14,2518.65,2839,22,0
2025-10-28 04:00:00,2518.65,2519.25,2512.95,2513.75,3994,22,0
2025-10-28 08:00:00,2513.85,2515.3,2510.25,2511.95,5248,22,0
2025-10-28 12:00:00,2511.95,2517.02,2510.55,2515.75,3786,22,0
2025-10-28 16:00:00,2515.75,2527.26,2499.16,2522.28,33292,14,0
2025-10-28 20:00:00,2522.28,2524.58,2502.98,2504.19,18509,14,0
2025-10-29 00:00:00,2506.65,2507.2,2503.0,2503.79,2696,22,0
2025-10-29 04:00:00,2503.69,2507.85,2503.36,2505.2,4922,22,0
2025-10-29 08:00:00,2505.1,2510.47,2502.25,2503.79,4665,22,0
2025-10-29 12:00:00,2503.69,2511.85,2501.27,2506.3,5331,22,0
2025-10-29 16:00:00,2506.3,2528.84,2496.21,2525.04,33973,14,0
2025-10-29 20:00:00,2525.04,2529.01,2463.71,2487.93,50181,14,0
2025-10-30 00:00:00,2491.54,2502.64,2483.94,2498.54,5156,23,0
2025-10-30 04:00:00,2498.64,2507.24,2483.64,2491.34,13649,23,0
2025-10-30 08:00:00,2491.34,2502.94,2489.14,2492.57,12955,26,0
2025-10-30 12:00:00,2492.47,2494.24,2467.24,2468.14,11389,25,0
2025-10-30 16:00:00,2468.14,2499.0,2464.71,2487.61,53207,17,0
2025-10-30 20:00:00,2487.61,2487.71,2457.9,2461.02,34745,14,0
2025-10-31 00:00:00,2462.64,2468.79,2461.74,2464.07,4325,22,0
2025-10-31 04:00:00,2464.07,2467.96,2460.65,2461.09,5057,22,0
2025-10-31 08:00:00,2460.99,2465.45,2458.56,2465.25,6086,22,0
2025-10-31 12:00:00,2465.35,2471.24,2459.65,2465.44,5862,22,0
2025-10-31 16:00:00,2465.44,2481.32,2453.4,2458.51,44552,14,0
2025-10-31 20:00:00,2458.51,2485.12,2453.31,2480.33,27818,14,0
2025-11-03 00:00:00,2482.32,2491.27,2482.32,2487.33,3981,22,0
2025-11-03 04:00:00,2487.23,2488.96,2481.25,2481.97,4165,22,0
2025-11-03 08:00:00,2482.07,2487.45,2475.32,2482.26,6074,22,0
2025-11-03 12:00:00,2482.36,2485.54,2476.03,2477.73,5514,22,0
2025-11-03 16:00:00,2477.73,2482.6,2442.25,2469.38,41443,14,0
2025-11-03 20:00:00,2469.48,2477.28,2461.37,2476.28,20158,14,0
2025-11-04 00:00:00,2475.57,2476.97,2465.18,2467.27,4104,22,0
2025-11-04 04:00:00,2467.27,2467.49,2446.57,2447.27,7502,22,0
2025-11-04 08:00:00,2447.37,2448.67,2426.77,2427.57,13989,32,0
2025-11-04 12:00:00,2427.37,2442.97,2424.27,2438.37,9078,23,0
2025-11-04 16:00:00,2438.37,2457.31,2427.13,2439.91,44735,15,0
2025-11-04 20:00:00,2439.81,2440.71,2426.61,2431.23,31882,14,0
2025-11-05 00:00:00,2431.81,2432.31,2410.61,2415.51,11275,22,0
2025-11-05 04:00:00,2415.61,2433.61,2413.91,2429.01,13805,28,0
2025-11-05 08:00:00,2429.01,2436.01,2427.01,2431.14,9416,26,0
2025-11-05 12:00:00,2430.94,2440.11,2424.21,2438.81,8830,25,0
2025-11-05 16:00:00,2438.81,2470.29,2432.97,2467.99,41425,14,0
2025-11-05 20:00:00,2467.79,2474.59,2462.59,2467.2,16745,14,0
2025-11-06 00:00:00,2465.36,2468.21,2455.86,2459.87,8096,23,0
2025-11-06 04:00:00,2459.77,2463.1,2456.17,2458.21,7331,22,0
2025-11-06 08:00:00,2458.21,2463.18,2451.76,2461.1,9317,22,0
2025-11-06 12:00:00,2461.1,2471.97,2459.19,2467.06,7482,22,0
2025-11-06 16:00:00,2467.06,2467.65,2415.83,2427.43,57346,15,0
2025-11-06 20:00:00,2427.23,2437.64,2417.03,2425.85,35325,14,0
2025-11-07 00:00:00,2423.41,2428.53,2417.61,2423.51,8823,22,0
2025-11-07 04:00:00,2423.51,2428.43,2416.61,2427.93,10166,23,0
2025-11-07 08:00:00,2428.03,2432.21,2420.91,2422.41,9105,22,0
2025-11-07 12:00:00,2422.41,2424.31,2400.61,2401.51,15193,30,0
2025-11-07 16:00:00,2401.51,2407.77,2378.07,2396.67,54899,16,0
2025-11-07 20:00:00,2396.77,2437.3,2395.87,2436.1,34299,14,0
2025-11-10 00:00:00,2450.99,2451.09,2442.59,2448.31,7293,24,0
2025-11-10 04:00:00,2448.21,2451.33,2445.99,2449.04,6169,22,0
2025-11-10 08:00:00,2448.94,2462.69,2446.69,2459.73,7623,22,0
2025-11-10 12:00:00,2459.83,2466.29,2457.61,2465.49,6192,22,0
